id,openai_ai_digital_score,openai_ai_digital_keywords,openai_ai_digital_reason,score_version
1.0,0.0,,岗位是银行保险渠道经理，主要涉及渠道维护、市场活动、客户经营和销售支持，没有明显的软件、数据、系统、AI或数字化技术要求。,expert_prompt_v1_one_ad_per_request
2.0,0.0,"技术开发, 项目管理, 技术支持",岗位主要是材料研发与工艺相关工作，未出现软件、数据、自动化、AI等数字技术关键词；“技术开发/项目管理”属于通用工程技术职责，不构成明显的数字化或AI内容。,expert_prompt_v1_one_ad_per_request
3.0,1.0,"发电机组, 高压/低压电工证, 工业配电, 电动机, 机电设备控制电路, 水电安装维修",岗位主要是水电安装、维修和工业配电等传统机电/电工工作，涉及基础电气设备和控制电路，但没有数据、软件或人工智能相关内容，因此评为1分。,expert_prompt_v1_one_ad_per_request
4.0,0.0,"培训, 课程安排, 销售培训, 导师",岗位内容主要是金融销售培训与课程安排，没有出现软件、数据、自动化、AI或其他数字技术相关要求，属于非AI/数字类岗位。,expert_prompt_v1_one_ad_per_request
5.0,2.0,"FPGA, 软硬件联调, 逻辑架构, 软件无线电（SDR）, 算法研发, Verilog/VHDL, Quartus II, ModelSim, 上位机软件",岗位以FPGA芯片开发、软硬件联调和上位机软件为主，属于较强的数字/IT硬件开发内容；虽提到算法研发，但未出现明确AI术语，因此不算3级AI。,expert_prompt_v1_one_ad_per_request
6.0,1.0,"软件工程师, 软件维护及升级, 应用软件开发, VC开发环境, MFC, Windows API, Windows消息机制",该岗位主要是传统软件开发与维护，涉及VC/MFC、Windows API等IT/软件技术，但没有数据分析、算法或人工智能相关内容，因此评为1。,expert_prompt_v1_one_ad_per_request
7.0,0.0,"ISO9000, 物业管理, 成本控制, 预算, 团队管理",岗位主要是住宅物业运营与管理，涉及质量体系、预算、成本控制和团队管理，但没有明显的软件、数据、自动化或AI相关内容。,expert_prompt_v1_one_ad_per_request
8.0,2.0,"量化评估, 量化/估值模型, 系统实现, 回测检验, 压力测试, MATLAB, 数学和统计软件",岗位核心是量化建模、回测和系统实现，明显属于数据/数字化与量化金融技术内容，但未出现人工智能、机器学习等明确AI表述。,expert_prompt_v1_one_ad_per_request
9.0,1.0,"ERP录入, office办公软件, 变更管理, 订单操作, 发货安排, 库存控制",岗位以销售助理和订单/库存/对账流程为主，涉及ERP和办公软件等基础数字化工具，但没有数据分析、编程或AI相关内容，因此评为1。,expert_prompt_v1_one_ad_per_request
10.0,1.0,质量数据收集及分析、设计软件包、技术交底、NCR调查分析,岗位以质量管理和工程技术为主，没有AI/算法等内容；但包含日常质量数据分析和设计软件包等基础数字化/IT相关工作，因此评为1。,expert_prompt_v1_one_ad_per_request
11.0,1.0,"CAD, 常用办公软件, 计算机辅助设计",岗位要求熟练使用CAD和常用办公软件，属于基础数字化/IT工具使用，但没有数据分析、编程或AI相关内容。,expert_prompt_v1_one_ad_per_request
12.0,1.0,系统测试、基础数据分析能力、运营服务、报错处理,职位包含系统测试、报错处理和基础数据分析，属于基础数字化/IT相关工作，但没有AI、机器学习或大数据等更强技术内容。,expert_prompt_v1_one_ad_per_request
13.0,0.0,财务基础知识；银行信贷业务；资金统筹调配；转贷相关工作,岗位以财务、融资和银行信贷业务为主，没有出现软件、数据分析、自动化、AI等数字技术相关内容。,expert_prompt_v1_one_ad_per_request
14.0,1.0,熟练使用各类办公软件,岗位主要是行政内勤与办公事务，只有基础数字化/IT工具使用要求（办公软件），没有数据分析、编程或AI相关内容。,expert_prompt_v1_one_ad_per_request
15.0,0.0,"产品支持, 解决方案",岗位内容主要是保单售后整理和客户支持，未出现软件、数据、系统、自动化或人工智能等数字技术相关要求，属于非AI/数字化岗位。,expert_prompt_v1_one_ad_per_request
16.0,0.0,,岗位内容主要是农险理赔、现场调查、沟通服务和流程执行，没有出现软件、数据、自动化、AI等数字技术相关要求。,expert_prompt_v1_one_ad_per_request
17.0,0.0,质量管理、质量记录、质量检验、质量改进分析,岗位内容聚焦传统质量检验、质量管理和供应商评价，没有提到软件、数据分析、自动化或AI相关技术。,expert_prompt_v1_one_ad_per_request
18.0,0.0,招聘、招聘规划、校园招聘、人才储备、猎头,岗位内容主要是人力资源招聘与校招管理，没有涉及软件、数据、自动化、AI或其他数字技术相关要求，因此判为0。,expert_prompt_v1_one_ad_per_request
20.0,0.0,"渠道销售, 市场营销, 经销商管理, 竞品信息收集",岗位内容主要是渠道销售、经销商管理和市场营销，没有出现软件、数据、自动化或人工智能等数字技术相关要求，属于非AI/非数字技术岗位。,expert_prompt_v1_one_ad_per_request
21.0,0.0,半导体晶圆生产、光刻、薄膜、刻蚀、湿法、产线生产、产品质量、洁净室6S,岗位内容是半导体制造工艺与产线操作，属于传统制造/工艺技术，不涉及软件、数据分析、自动化系统或人工智能相关内容。,expert_prompt_v1_one_ad_per_request
22.0,1.0,"财务软件, 会计报表处理, 记账登账, 财务分析",岗位主要是传统财务会计职责，包含熟练使用财务软件等基础数字化工具要求，但没有数据分析、编程或AI相关内容，因此评为1分。,expert_prompt_v1_one_ad_per_request
23.0,2.0,"算法工程师, 控制算法设计, 算法实现, C/C++, Python, 实时系统, 自动控制编程, 控制系统仿真分析",岗位明确涉及算法设计与实现，并要求C/C++/Python编程、控制系统仿真和自动控制，属于较强的数据/算法类数字技术内容；但未出现人工智能、机器学习、深度学习等明确AI表述。,expert_prompt_v1_one_ad_per_request
24.0,0.0,"市场销售, 市场渠道, 客户关系, 订单跟踪, 市场信息",岗位内容是功能食品销售与渠道拓展，属于传统销售/市场类工作，没有AI、数据分析、软件系统或其他数字技术要求。,expert_prompt_v1_one_ad_per_request
25.0,1.0,"自动化, 电脑办公软件, 生产流程, SOP, 不良品分析, 良率提升, 效率提升, 工艺优化",岗位主要是制造工艺与生产改善，包含自动化、办公软件和流程优化等基础数字/IT或工业自动化内容，但没有数据分析、算法或AI相关要求，因此判为1。,expert_prompt_v1_one_ad_per_request
26.0,1.0,电脑操作、Microsoft Office、ERP软件、订单审核、工艺卡制作,岗位主要是工艺与订单审核类工作，涉及办公软件和ERP系统的日常使用，属于基础数字化/IT应用，但没有数据分析、编程或AI相关内容。,expert_prompt_v1_one_ad_per_request
27.0,0.0,无明显AI/数字化关键词；主要为安全管理、环保、消防、合规、巡检、培训、证照办理、事故调查,该岗位内容集中在传统EHS安全环保与消防管理，涉及制度、检查、整改、报告和证照办理，没有数据分析、软件系统、自动化、AI或数字化转型相关要求。,expert_prompt_v1_one_ad_per_request
29.0,0.0,,职位描述仅为制造业生产计划相关，未出现软件、数据、自动化、AI等数字技术信号，判定为无AI/数字技术内容。,expert_prompt_v1_one_ad_per_request
30.0,1.0,数字运营、行业人工智能服务、CAD、天正软件,岗位主体是室内设计，但描述中提到公司Tech模块包含数字运营和行业人工智能服务，且任职要求涉及CAD、天正等设计软件，属于基础数字/IT工具使用，未体现AI岗位职责。,expert_prompt_v1_one_ad_per_request
31.0,1.0,"ERP, MES, 供应链管理, 生产计划, 流程优化, 系统",岗位以生产运营和计划管理为主，包含ERP/MES等企业信息系统与流程优化要求，但没有数据分析、算法或AI相关内容，属于基础数字化/IT应用。,expert_prompt_v1_one_ad_per_request
32.0,1.0,PR、AE、PS、短视频剪辑、拍摄设备、视频制作、特效调色,岗位主要是摄像和视频剪辑实习，涉及常见数字创作软件和多媒体制作工具，但没有数据分析、算法或人工智能相关内容，属于基础数字/IT应用。,expert_prompt_v1_one_ad_per_request
33.0,0.0,"证券法, 公司法, 上市规则, 董事会秘书资格证书, 证券从业资格证书",岗位主要是证券事务和法务合规相关，涉及法律法规与证券业务资格要求，没有AI、数据分析、软件系统或数字化技术内容。,expert_prompt_v1_one_ad_per_request
34.0,0.0,,岗位内容主要是车间生产管理、质量控制、计划安排和安全管理，没有出现软件、数据、自动化、AI等数字技术相关要求。,expert_prompt_v1_one_ad_per_request
35.0,0.0,"市场拓展, 客户关系, 市场营销, 招投标, 谈判, 客户服务",岗位内容主要是市场拓展、客户维护、商务谈判和物业行业知识，没有出现软件、数据分析、自动化或AI相关技术要求。,expert_prompt_v1_one_ad_per_request
36.0,1.0,系统预估录入,岗位主要是车物查勘定损与理赔服务，未涉及AI或数据分析；仅提到将案件损失进行系统预估录入，属于基础系统/信息化操作，因此判为1分。,expert_prompt_v1_one_ad_per_request
37.0,0.0,,岗位为药品QA，职责集中在取样、洁净区环境监测、生产监督、批记录审核和GMP质量管理，未体现任何AI、数据分析、软件系统或数字化技术要求。,expert_prompt_v1_one_ad_per_request
38.0,0.0,"OEE, TPM, 点检定修, 预防性维修, 维修管理, 设备故障根本原因分析",该岗位主要是重工/冶金设备维修与管理，涉及设备可靠性、OEE和TPM等现代维修管理方法，但没有AI、数据分析工具或明显的软件/数字化技术要求，属于非AI/低数字化内容。,expert_prompt_v1_one_ad_per_request
39.0,0.0,生产计划、生产调度、生产统计、订单相关工作,岗位内容主要是电镀车间的生产管理、计划安排、进度控制和人员管理，没有出现AI、数据分析、软件系统、自动化或其他数字技术相关要求。,expert_prompt_v1_one_ad_per_request
40.0,1.0,数据进行检测、整理、分析；线上/线下宣传渠道；流程优化；校园招聘系统/数字化招聘（隐含）,岗位以校园招聘和雇主品牌为主，没有AI或高级数据技能要求；仅提到对校招数据进行整理分析和线上线下渠道运营，属于基础数字化/IT相关内容。,expert_prompt_v1_one_ad_per_request
41.0,0.0,"图纸评审, 产品工艺方案, 报价, 现场工艺指导, 机械加工, 压铸",岗位内容主要是机械加工与工艺技术支持、样品打样和现场指导，没有出现软件、数据、自动化、AI或其他数字技术相关要求。,expert_prompt_v1_one_ad_per_request
42.0,0.0,"审计制度, 审计报告, 现场审计, 审计证据, 资料归档",职位是内审主管，内容围绕审计、整改跟进和资料归档，没有出现软件、数据分析、自动化、AI等数字技术相关要求。,expert_prompt_v1_one_ad_per_request
43.0,0.0,审计；审计制度；审计报告；现场审计；资料归档,岗位主要是财务/内部审计与整改跟踪，没有涉及软件、数据分析、IT系统或AI等数字技术内容。,expert_prompt_v1_one_ad_per_request
44.0,0.0,金融产品; 银行业务; 保险; 证券; 信托; 信贷; 客户服务,岗位主要是综合金融客户经理，内容聚焦保险、证券、银行、信托等传统金融销售与服务，没有出现AI、数据分析、软件系统或数字化技术相关要求。,expert_prompt_v1_one_ad_per_request
45.0,1.0,电脑验收、升级、维修管理；固定资产管理；库存管理,岗位主要是行政/资产管理，但明确涉及电脑设备的验收、升级和维修，以及办公用品和库存的出入库管理，属于基础数字/IT设备管理内容，因此评为1分。,expert_prompt_v1_one_ad_per_request
46.0,1.0,"UG, CAD, 办公软件, SPC, APQP, PPAP, FMEA",岗位主要是项目/制造工程支持，包含CAD、UG等常规工业软件和质量管理工具，但没有数据分析或AI相关内容，属于基础数字/IT工具使用。,expert_prompt_v1_one_ad_per_request
47.0,1.0,"系统架构设计, 分布式, 高并发, 云计算, Java EE, Spring, Linux, Oracle, MySQL, New SQL, WebLogic, Tomcat, Apache, Nginx, UML",岗位主要是系统架构和软件开发，涉及分布式、高并发、云计算、数据库和Java等典型IT/数字化技术，但没有出现人工智能、机器学习或大模型等明确AI内容，因此评为1。,expert_prompt_v1_one_ad_per_request
48.0,1.0,电商平台、在线客服、客户信息资料管理、电话、邮件,岗位主要是电商客服和客户信息管理，涉及电商平台与基础数字沟通工具，但没有数据分析、编程或AI相关要求，因此归为基础数字/IT内容。,expert_prompt_v1_one_ad_per_request
49.0,1.0,办公软件、质量统计技术、数据分析、生产报表,岗位以车间生产管理、质量控制和工艺执行为主，没有AI或明显数字化系统要求；仅提到熟练操作办公软件、质量统计技术和数据分析，属于基础数字技能，因此判为1。,expert_prompt_v1_one_ad_per_request
51.0,1.0,"CAD, MATLAB, 设计软件, 办公软件, 技术资料整理",岗位以水冷板研发和工艺优化为主，包含CAD/MATLAB等设计软件使用和技术数据整理，属于基础数字/IT工具应用；未涉及数据分析、算法或AI相关内容。,expert_prompt_v1_one_ad_per_request
52.0,1.0,三维配管软件PDMS、应力计算软件、数据处理、办公软件,岗位主要是工程设计类工作，包含使用PDMS三维配管软件、应力计算软件和数据处理工具，属于基础数字化/专业软件应用，但没有数据分析、算法或AI相关内容。,expert_prompt_v1_one_ad_per_request
54.0,0.0,,岗位为行政主管，职责集中在行政事务、员工服务、采购、库存、文件管理和接待等传统管理工作，没有出现软件、数据、自动化、AI或数字化相关要求。,expert_prompt_v1_one_ad_per_request
55.0,0.0,无AI/数字化相关关键词；董事长秘书；机械行业经理助理；独立开车办事,职位要求主要是行政秘书、助理和出行办事能力，没有出现软件、IT、数据、自动化或AI相关内容，因此判为0。,expert_prompt_v1_one_ad_per_request
56.0,2.0,经营数据分析治理、系统性BI报表设计、管理数据支持模式、数据支持、营销工具,岗位明确涉及经营数据分析、BI报表设计和管理数据支持，属于较强的数据/数字化应用，但未出现AI、机器学习等明确人工智能内容。,expert_prompt_v1_one_ad_per_request
57.0,0.0,订单制作、资料和邮件收发、报表、单据、文件、合同传递,职位主要是业务支持、文档处理、生产协调和客户沟通，没有出现软件、数据分析、自动化、AI或其他数字技术相关要求。,expert_prompt_v1_one_ad_per_request
58.0,1.0,熟练使用办公软件,岗位主要是房地产开发、报批报建和项目管理，没有AI或数据分析内容；仅提到熟练使用办公软件，属于基础数字化/IT使用。,expert_prompt_v1_one_ad_per_request
59.0,0.0,企业文化制度、企业文化系统、网站稿件、宣传推广,岗位核心是企业文化建设、宣传和文案编辑，没有涉及IT、数据分析、自动化或AI等数字技术内容；“网站稿件”仅是内容发布相关，不构成数字技术要求。,expert_prompt_v1_one_ad_per_request
60.0,0.0,"保单整理, 资料变更录入, 理赔流程, 业务咨询, 售后客服, 追踪",岗位内容主要是保险客服、资料录入和理赔协助，属于传统业务运营与客服工作，没有明显的AI、数据分析或数字化技术要求。,expert_prompt_v1_one_ad_per_request
61.0,0.0,无明显AI/数字技术关键词；金融销售、客户经理、理财顾问、证券、保险、信托,岗位主要是金融销售与客户开发，不涉及软件、数据分析、数字化系统或人工智能相关内容，因此判定为0。,expert_prompt_v1_one_ad_per_request
62.0,0.0,,岗位内容主要是建筑装饰/幕墙/市政工程项目管理、施工组织、质量安全控制和协调管理，没有出现软件、数据、系统、自动化或AI相关技术内容。,expert_prompt_v1_one_ad_per_request
63.0,0.0,研发流程、设备操作、分析总结能力,岗位为制剂研发，主要涉及药学/化学研发和设备操作，没有出现软件、数据分析、编程、算法或人工智能等数字技术内容。,expert_prompt_v1_one_ad_per_request
64.0,0.0,办公软件,岗位以人事行政、档案管理、考勤核算、薪资和保险事务为主，仅提到熟练使用办公软件，没有涉及明确的IT系统、数据分析或AI技术内容。,expert_prompt_v1_one_ad_per_request
65.0,0.0,办公软件操作,岗位主要是车险查勘、定损和理赔工作，核心内容为线下业务与沟通协商，仅提到熟悉办公软件，未涉及明显AI或数字化技术内容。,expert_prompt_v1_one_ad_per_request
66.0,1.0,"office办公软件, 2D/3D设计软件, 生产绩效指标统计, 精益生产, PDCA/DMAIC",岗位以精益生产、现场改善和制造管理为主，涉及常规办公软件和2D/3D设计软件等基础数字工具，但没有数据分析编程、数字化转型或AI相关内容。,expert_prompt_v1_one_ad_per_request
67.0,0.0,,职位为招聘专员，描述仅涉及招聘事务，没有出现任何AI、数字化、软件、数据分析或IT相关内容。,expert_prompt_v1_one_ad_per_request
68.0,0.0,无AI/数字化相关关键词；医疗器械销售、跟台、客户关系维护、招投标、市场信息收集,岗位主要是医疗器械销售与临床支持，涉及销售、客户维护和招投标等传统业务内容，没有软件、数据、自动化、AI等数字技术要求。,expert_prompt_v1_one_ad_per_request
69.0,0.0,工艺优化实验；生产线执行；样品制作；工艺参数调整,岗位主要是车间工艺和生产流程优化，属于传统制造/工艺技术工作，没有明显的软件、数据分析、自动化系统或AI相关要求。,expert_prompt_v1_one_ad_per_request
70.0,1.0,线上化推动、平台维护,岗位以车险销售和门店对接为主，属于业务类职位；仅提到线上化推进和平台维护，体现基础数字化应用，但没有数据分析、算法或AI相关内容。,expert_prompt_v1_one_ad_per_request
71.0,0.0,无明显AI/数字化技术关键词；主要是金融、保险、健康、养老、法律、管理、培训、创业,职位内容以综合金融、保险、健康养老服务和管理培训为主，没有出现软件、数据、系统、云、算法或人工智能等数字技术相关要求。,expert_prompt_v1_one_ad_per_request
72.0,1.0,报表统计、数据统计、办公软件、基本的网络知识,岗位以生产统计、报表汇总和单据处理为主，涉及办公软件和基础网络知识，但没有数据分析工具、编程或AI相关内容，属于基础数字化/IT应用。,expert_prompt_v1_one_ad_per_request
73.0,1.0,"信息安全, 网络安全, ISO27001, 等级保护, 数据安全, 风险评估, 安全检查, 合规管理, 平台建设",岗位聚焦信息安全治理、网络安全合规、数据安全体系和平台建设，属于明确的IT/数字化安全管理内容，但未涉及AI、数据分析或算法技术，因此评为1分。,expert_prompt_v1_one_ad_per_request
74.0,1.0,人力资源系统、公司邮箱、Excel、信息录入、办公软件,岗位包含基础数字化/IT工具使用，如人力资源系统、邮箱开通、信息录入和Excel办公软件，但没有数据分析、编程或AI相关内容。,expert_prompt_v1_one_ad_per_request
75.0,1.0,"非标自动化, 自动化电气, solidworks, 建模, 工程图, 自动化设备机构设计",岗位涉及自动化设备设计、SolidWorks建模和电气基础，属于机械/工业自动化类数字化技术内容，但没有数据分析或AI相关内容。,expert_prompt_v1_one_ad_per_request
76.0,0.0,无明显AI/数字技术关键词；市场调研、收益测算、拓展方案、商务谈判、项目落地,岗位主要是物业市场拓展、政府/业主沟通、商务谈判和项目推进，未体现软件、数据分析、自动化或AI相关技术要求，属于传统业务拓展岗位。,expert_prompt_v1_one_ad_per_request
77.0,0.0,"线上案件, 定损, 跟踪调查, 理赔流程",岗位内容主要是汽车理赔、查勘定损和客户服务，没有出现软件、数据分析、编程、自动化或AI相关技术要求，属于非数字/非AI岗位。,expert_prompt_v1_one_ad_per_request
78.0,0.0,无AI/数字化相关关键词；客户维护、保全、理赔、保险代理,该岗位主要是综合金融/保险客户经理，职责集中在客户维护、业务办理和保险销售，没有软件、数据、数字化或AI相关内容。,expert_prompt_v1_one_ad_per_request
79.0,0.0,"电销, 内勤, 培训讲师, 团队管理, 销售技术",岗位以大客户销售、保险/理财推广、团队管理和销售培训为主，没有出现软件、数据、云、自动化或人工智能等数字技术相关内容。,expert_prompt_v1_one_ad_per_request
80.0,0.0,,职位主要是医疗器械销售与区域管理，涉及市场开拓、渠道管理和销售数据准确性，但没有明确的软件、数据分析、AI或数字化技术要求。,expert_prompt_v1_one_ad_per_request
81.0,0.0,"机电设备, 维修保养, 能源管理, 技防, 水电消防, 外判工程",岗位主要是物业工程与设备运维管理，涉及机电、维修保养、能源和安防等传统工程内容，没有明显的软件、数据或AI技术要求，因此判为0。,expert_prompt_v1_one_ad_per_request
83.0,0.0,,职位为采购员，仅描述采购经验和工作地点，没有出现任何AI、数字化、软件、数据分析或IT相关内容。,expert_prompt_v1_one_ad_per_request
84.0,1.0,"电商运营, 天猫店铺, 淘宝搜索SEO, 广告投放, 直通车(CPC), 钻石展位(CPM), 数据指标（流量、点击率、转化率）",岗位主要是电商平台运营和营销推广，涉及SEO、广告投放和转化率等数字化运营内容，但没有数据分析、编程或人工智能相关要求，属于基础数字/IT应用层面。,expert_prompt_v1_one_ad_per_request
85.0,1.0,数字化营销工具、宣传图片、宣传视频、官网维护与更新、PS,岗位涉及数字化营销素材制作和官网维护，属于基础数字工具/IT应用，但没有数据分析、算法或AI相关内容。,expert_prompt_v1_one_ad_per_request
86.0,1.0,清洁机械化、管理工具、专业管理提效、供方管理,岗位主要是物业环境/绿化管理，属于传统业务管理；仅提到清洁机械化和管理工具等一般数字化或自动化相关内容，没有数据分析、软件系统或AI技术要求。,expert_prompt_v1_one_ad_per_request
87.0,1.0,数据负责、成交量、指标周述职、月述职,岗位以渠道运营、项目物料、佣金和门店拓展为主，带有一定业务数据统计与指标管理，但没有明显的AI、编程、数据分析工具或数字化系统要求，属于基础数字化/IT相关程度。,expert_prompt_v1_one_ad_per_request
88.0,0.0,工程招投标、成本分析、报价编制、费用控制,岗位主要是工程造价、招投标和成本管控，没有出现软件、数据分析、自动化、AI等数字技术相关要求，属于传统工程管理类。,expert_prompt_v1_one_ad_per_request
89.0,0.0,"销售主管, 市场开发, 客户维护, 销售管理, 产品宣传推广, 销售计划",职位内容主要是销售、市场开发和客户维护，没有出现软件、数据、自动化、AI或其他数字技术相关要求，因此判为0。,expert_prompt_v1_one_ad_per_request
90.0,1.0,京东自营平台、咚咚、微信、电话、系统录入、对账,岗位主要是电商客服与售后支持，涉及平台工具使用、系统录入和对账等基础数字化操作，但没有数据分析、编程或AI相关要求。,expert_prompt_v1_one_ad_per_request
91.0,1.0,网络管理、办公设备维护、监控系统、广播系统、ERP系统、网站/邮箱/公众号维护、数据备份,岗位主要是网络和信息系统运维，涉及ERP、网站、邮箱和数据备份等基础数字化IT工作，但没有数据分析、算法或AI相关内容。,expert_prompt_v1_one_ad_per_request
92.0,0.0,无明显AI/数字技术关键词；客户经理、信用卡推广、市场分析、客户服务、营销技巧,岗位主要是银行信用卡销售与客户维护，属于传统金融营销/客户服务工作，没有涉及软件、数据、自动化、AI或其他数字技术要求。,expert_prompt_v1_one_ad_per_request
93.0,1.0,办公软件、Office、客户信息整理,岗位以销售和客户跟进为主，没有AI或数据分析内容；仅提到基本办公软件操作，属于基础数字化技能。,expert_prompt_v1_one_ad_per_request
94.0,0.0,渠道开发、市场扫描、渠道管理、趋势分析,职责主要是渠道开发与管理、市场扫描和业务推广分析，没有出现软件、数据工具、算法或AI相关内容，属于传统业务岗位。,expert_prompt_v1_one_ad_per_request
95.0,0.0,,职位主要是质量管理、品质审核、流程改善和KPI管理，没有出现AI、数据分析、软件系统或其他数字技术相关要求。,expert_prompt_v1_one_ad_per_request
96.0,0.0,无明显AI/数字化技术关键词；电话销售、金融产品、客户信息、电话营销,岗位主要是电话销售和金融产品营销，不涉及软件、数据、系统、AI或其他数字技术要求，属于非数字技术岗位。,expert_prompt_v1_one_ad_per_request
97.0,0.0,,职位主要是模具加工计划、产能协调和交期管理，未涉及软件、数据、自动化、AI或其他明显数字技术内容。,expert_prompt_v1_one_ad_per_request
98.0,1.0,"技术支持, 电源管理芯片, FAE, 产品推广, 现场应用, 研发反馈",岗位涉及芯片产品、现场应用支持和技术推广，属于电子/IT相关技术工作，但没有数据分析、算法或AI相关内容，因此评为基础数字/IT类。,expert_prompt_v1_one_ad_per_request
99.0,1.0,计算机工程、通信、自动控制、TCP/IP、路由协议、2/3层交换、IPSec、防火墙、VPN、防病毒、IDS/IPS、技术支持、售前,该岗位主要是网络安全产品的售前技术支持，涉及IT/网络与安全技术，但没有数据分析、算法或AI相关内容，属于基础数字/IT类。,expert_prompt_v1_one_ad_per_request
100.0,1.0,制图及分析软件、数据分析、质量数据、SPC、FMEA、APQP、PPAP、ISO9001,岗位以质量管理和流程改进为主，包含数据分析和各类质量管理软件/方法（如SPC、FMEA、APQP），但没有明显的AI、机器学习或高级数字化开发内容，属于基础数字/IT相关。,expert_prompt_v1_one_ad_per_request
101.0,0.0,,岗位为幼儿教师，职责集中在教学、家长沟通、班级管理和教研活动，没有软件、数据、系统、AI或数字化技术相关要求。,expert_prompt_v1_one_ad_per_request
103.0,0.0,,岗位内容为质量检验、记录填写、仪器设备管理和试剂管理，属于传统QC/实验室质检工作，没有AI、数据分析、软件系统或数字化技术相关要求。,expert_prompt_v1_one_ad_per_request
105.0,0.0,无AI/数字化相关关键词；学徒工、操作工、应届生、五险一金,岗位是普通操作工学徒，不涉及软件、数据、信息系统或人工智能等数字技术内容。,expert_prompt_v1_one_ad_per_request
106.0,0.0,,职位内容主要是OTC销售、药店开发、连锁门店活动和销售管理，没有出现AI、数据分析、软件系统、自动化或其他数字技术相关要求。,expert_prompt_v1_one_ad_per_request
107.0,1.0,电脑办公系统,岗位主要是公共卫生管理与卫生防疫工作，没有AI或数据分析内容；仅提到熟练使用电脑办公系统，属于基础数字化/办公软件使用。,expert_prompt_v1_one_ad_per_request
108.0,1.0,电脑操作；信息收集统计；数据跟踪,岗位主要是车商客户维护和销售支持，未涉及AI或高级数据技术；仅要求熟悉电脑操作，并有基础的信息统计和数据跟踪，属于基础数字化内容。,expert_prompt_v1_one_ad_per_request
109.0,1.0,微信群、线上线下联和经营、系统培训学习,岗位主要是客户服务和销售经营，没有AI或数据分析内容；仅出现微信群、线上线下经营和系统培训等一般数字化/IT相关表述，属于基础数字工具使用。,expert_prompt_v1_one_ad_per_request
110.0,0.0,,岗位为招聘专员，主要是招聘、面试、供应商管理、报表和人才储备等人力资源工作，没有明确的软件、数据、IT或AI相关内容。,expert_prompt_v1_one_ad_per_request
111.0,0.0,"采购, 供应商评估, 成本分析, 贴片机, AI机",岗位核心是设备/配件采购与供应商管理，没有AI、数据分析、软件开发或数字化转型等要求；描述中的“AI机”指的是电子制造设备名称，不是人工智能内容。,expert_prompt_v1_one_ad_per_request
112.0,0.0,"EHS, 环保, 法律法规, 安全管理",岗位内容主要是EHS/环保与安全合规管理，没有涉及AI、数字化、信息系统、数据分析或软件技术相关要求。,expert_prompt_v1_one_ad_per_request
113.0,0.0,"产品经理, 市场调查, 消费者调研, 产品数据表, 手册, 推广指南",岗位主要是新产品规划、市场营销、渠道管理和消费者调研，没有出现软件、数据分析、IT系统、AI或数字化技术相关要求；提到的“产品数据表”是营销资料，不属于数字技术内容。,expert_prompt_v1_one_ad_per_request
114.0,0.0,"质量控制, 质量体系, 风险分析, 评审, 医疗器械, GMP, 客诉调查, 技术指导",岗位主要是医疗器械质量工程与质量管理，涉及风险分析、质量体系和检验标准，但没有明显的软件、数据、自动化或AI相关内容。,expert_prompt_v1_one_ad_per_request
115.0,1.0,经营报表过程管理体系、月度运营会、预算达成、滚动预测、同环比分析、报告输出、知识管理,岗位主要是财务运营与经营分析，涉及报表管理、预算预测和数据分析，但没有出现AI、大数据、编程或明确的数字化技术栈，因此归为基础数字/IT相关中的低强度管理分析类。,expert_prompt_v1_one_ad_per_request
116.0,1.0,"MES, CAD, UG, FMEA, DOE, Process Flow Chart, Traceability, system, database/label printing",岗位以工艺工程、制程优化和NPI为主，包含MES标签、工艺系统维护、CAD/UG等数字化工具和制造系统应用，但没有人工智能、机器学习或大模型等明确AI内容，因此归为基础数字/IT内容。,expert_prompt_v1_one_ad_per_request
117.0,1.0,软件测试、系统平台、兼容性测试、回归测试、软件打包、installshield/Inno/Nsis、工业监控组态软件、PLC,岗位主要涉及软件测试、系统兼容性、打包维护和工业控制软件/PLC应用，属于基础数字化/IT类工作，但没有数据分析或AI相关内容。,expert_prompt_v1_one_ad_per_request
118.0,0.0,临床研究、医学信息情报收集、文献检索、CRO、临床试验,岗位主要是医学/药学与临床研究管理、医学撰写和信息收集，没有明确的软件、数据分析、数字化系统或AI相关内容。,expert_prompt_v1_one_ad_per_request
120.0,0.0,无AI/数字技术相关关键词；锂电池行业销售、沟通表达、抗压,职位主要是锂电池相关行业销售/业务拓展要求，描述中没有软件、数据、系统、自动化或人工智能等数字技术内容，因此判为0分。,expert_prompt_v1_one_ad_per_request
121.0,1.0,数控机床、激光切割机、设备维护、设备管理、维修保养,岗位主要是机械设备维修和维护管理，包含数控机床等工业设备的使用与保养，属于基础数字/工业自动化相关内容，但没有数据分析或AI技术要求。,expert_prompt_v1_one_ad_per_request
122.0,1.0,"客户信息搜集, 客户档案分析, 销售分析数据, 电脑/办公系统(implicit)",岗位以区域销售和客户管理为主，没有AI或数据技术岗位要求；仅提到对客户档案进行分析、整理和销售分析数据，属于基础数字化/信息整理内容，故评为1。,expert_prompt_v1_one_ad_per_request
123.0,0.0,,岗位描述主要是民航货站储备岗的学历、英语、综合素质和工作地点要求，没有出现软件、数据、系统、自动化或AI相关技术内容，因此判为0分。,expert_prompt_v1_one_ad_per_request
124.0,1.0,设备维护、维修、调试、验收、自动化类、机械制图、办公软件,岗位核心是锂电生产设备的维护、安装、调试和工艺改善，属于传统制造业设备工程/自动化相关工作；提到办公软件和机械制图等基础数字工具，但没有数据分析、编程或AI内容，因此判为1分。,expert_prompt_v1_one_ad_per_request
125.0,0.0,市场信息、市场趋势、销售计划、渠道营销策略,岗位主要是食品工业渠道销售与市场管理，没有软件、数据分析、算法、AI或其他数字技术相关要求，属于传统销售岗位。,expert_prompt_v1_one_ad_per_request
127.0,1.0,服务端开发、后端架构、Java、数据结构和算法、TCP/IP、HTTP、MySQL、Nginx、Redis,职位主要是后端软件开发和基础架构建设，涉及常见IT技术栈与系统开发，但没有数据分析、算法模型或任何明确AI相关内容，因此归为基础数字/IT类。,expert_prompt_v1_one_ad_per_request
128.0,0.0,"市场营销, 市场分析, 客户服务, 沟通能力",岗位描述为传统市场营销与客户服务要求，没有出现软件、数据分析、数字化系统或AI相关内容，属于非AI/数字技术岗位。,expert_prompt_v1_one_ad_per_request
130.0,1.0,办公软件；简单软硬件维护,岗位以综合行政、会务、资产和团队管理为主，只有熟练使用办公软件和简单软硬件维护/协调等基础数字化要求，未涉及数据分析或AI技术。,expert_prompt_v1_one_ad_per_request
131.0,1.0,网站搜索，海关数据，对账，开票，订单跟进，进出口业务,岗位以外贸跟单和业务流程为主，包含使用网站搜索和海关数据等基础数字化工具，但没有数据分析、编程或AI相关内容，属于基础数字/IT应用。,expert_prompt_v1_one_ad_per_request
132.0,0.0,"客户业务填单, 业务受理, 客户引流, 营销转介, 客户维护, 推送优惠活动",岗位主要是银行厅堂服务、业务受理和客户营销转介，没有出现软件、数据、系统、自动化或AI相关内容，属于非数字/非AI岗位。,expert_prompt_v1_one_ad_per_request
133.0,1.0,"Minitable/JMP, 数据分析工具, SPC, FMEA, MSA, DFSS, 8D, 5Why, 专案管理",岗位核心是质量管理与持续改善，出现了JMP/Minitable等数据分析工具，但主要是质量工程和流程改进，不涉及明显的数据科学或AI技术，因此判为基础数字/IT相关的1分。,expert_prompt_v1_one_ad_per_request
134.0,0.0,,岗位职责主要是区域销售、经销商管理、招投标和市场信息收集，没有出现软件、数据、自动化、AI或其他数字技术相关内容。,expert_prompt_v1_one_ad_per_request
135.0,2.0,质量数据分析、GRR、SPC、Minitab、排列图、鱼骨图、数据收集和分析,岗位核心是质量管理与供应商管理，但明确包含数据分析、SPC和Minitab等数字化/统计分析工具，属于较强的数据分析类工作，不涉及AI本身。,expert_prompt_v1_one_ad_per_request
136.0,0.0,,岗位内容主要是保险保单整理、客户信息更新、保全变更和理财/保障咨询，没有出现软件、数据、系统、自动化或AI等数字技术相关要求。,expert_prompt_v1_one_ad_per_request
137.0,3.0,"算法, ISP, 3A, HDR, 插帧, 去雾, 图像/视频算法, Python, C/C++, Matlab, 计算机, 模式识别, 数字信号处理",岗位核心是视频/图像ISP算法研发与优化，明确涉及算法研究、调优和验证，并要求Python/C++/Matlab等编程能力，属于明确的AI/算法类岗位。,expert_prompt_v1_one_ad_per_request
138.0,1.0,分析活动执行效果和数据,岗位主要是推广活动执行与培训，包含对活动效果和数据的基础分析，但没有数据分析、编程、数据库或AI等更强的数字技术要求，属于基础数字化内容。,expert_prompt_v1_one_ad_per_request
139.0,3.0,"算法研究员, 算法设计/开发, 机器视觉, 图像处理, 模式识别, OpenCV, Halcon, AOI",岗位明确涉及算法研发与优化，并出现机器视觉、图像处理、模式识别等典型AI/计算机视觉方向关键词，属于显式AI内容。,expert_prompt_v1_one_ad_per_request
140.0,0.0,法律；法学；审计学；会计学；财政学；税收学；国际金融；经济学,岗位内容主要是法律、审计和财务相关专业要求，没有出现软件、数据分析、信息系统、数字化或AI等技术内容。,expert_prompt_v1_one_ad_per_request
141.0,1.0,"信息化建设, 信息系统, 网络系统, 信息技术培训, 系统供应商, 信息管理, 系统运行, 制造业信息化, 软件/系统管理维护",岗位核心是企业信息化建设、信息系统管理与维护、网络安全和流程优化，属于典型的IT/数字化管理岗位，但未涉及数据分析、算法或人工智能相关内容。,expert_prompt_v1_one_ad_per_request
142.0,0.0,质量管理体系、标准化文件、内部体系审核、体系认证,岗位主要是质量管理与体系运营、文档归档和审核认证，不涉及AI、数据分析、软件开发或其他数字技术内容。,expert_prompt_v1_one_ad_per_request
143.0,0.0,,职位为储备干部，描述仅涉及年龄、学历和机械类专业优先，没有提到任何AI、数字化、软件、数据分析或IT相关内容。,expert_prompt_v1_one_ad_per_request
144.0,0.0,线上查勘、在线解答、线上协商,岗位主要是保险理赔与客服协作，虽然涉及线上处理和在线沟通，但没有软件、数据、自动化或AI相关技术内容，属于非数字技术岗位。,expert_prompt_v1_one_ad_per_request
145.0,0.0,常规分析仪器、注册申报资料撰写、原始记录、实验室日常维护,岗位内容主要是药学/化学分析、法规申报和实验室维护，没有体现软件、数据分析、自动化、AI或数字化技术要求。,expert_prompt_v1_one_ad_per_request
146.0,1.0,弱电智能化、办公软件、资料统计、归档、询价比价、供应商渠道,岗位涉及弱电智能化行业和常规办公软件使用，属于基础数字化/IT相关，但没有数据分析、编程或AI技术内容。,expert_prompt_v1_one_ad_per_request
147.0,0.0,无明显AI/数字技术关键词；偏农业保险、政务关系、承保理赔、业务拓展,岗位主要是农业保险客户与政府关系维护、承保理赔和业务拓展，没有涉及软件、数据分析、自动化或人工智能等数字技术内容。,expert_prompt_v1_one_ad_per_request
149.0,0.0,,岗位内容以市场调研、广告制作、宣传、销售和活动策划为主，没有出现软件、数据分析、自动化、AI或其他数字技术相关要求。,expert_prompt_v1_one_ad_per_request
150.0,0.0,无明显AI/数字化关键词；材料研发、工程塑料改性、合成,职位内容主要是高分子材料/工程塑料研发，不涉及软件、数据、自动化、AI或其他数字技术，因此判为0。,expert_prompt_v1_one_ad_per_request
151.0,0.0,,岗位为销售工程师，主要职责是客户对接、项目跟踪、成本核算、报价、合同与验收协调等传统销售工作，没有出现软件、数据、IT、自动化或AI相关内容。,expert_prompt_v1_one_ad_per_request
152.0,0.0,招聘流程、招聘体系、招聘渠道、简历甄别、面试、劳动法规,岗位主要是人力资源招聘管理，内容集中在招聘流程、渠道和人员选拔，没有明显的软件、数据分析、AI或数字化技术要求。,expert_prompt_v1_one_ad_per_request
153.0,0.0,,岗位内容主要是保险理赔、线上查勘、客户协商与案件判断，没有出现软件、数据、算法、AI等数字技术相关要求。,expert_prompt_v1_one_ad_per_request
154.0,0.0,销售; 新客户开发; 客户沟通; 订单跟踪; 对账回款; 半导体行业销售; 英语/日语/韩语,岗位是销售经理，主要职责为客户开发、订单跟踪和回款管理，没有出现软件、数据、自动化或AI相关技术要求，数字化内容不明显。,expert_prompt_v1_one_ad_per_request
155.0,0.0,"销售, 新客户开发, 客户沟通, 订单跟踪, 对账回款, 半导体行业",岗位核心是销售管理和客户维护，没有出现软件、数据、自动化、AI等数字技术内容；半导体行业背景不等于AI/数字技能要求。,expert_prompt_v1_one_ad_per_request
156.0,1.0,云计算、互联网、市场分析、分析模型、网络市场品牌推广,岗位以市场管理和品牌推广为主，未涉及AI/算法等高级技术；但要求具备云计算、互联网背景，并提到分析模型和网络市场推广，属于基础数字/IT相关内容。,expert_prompt_v1_one_ad_per_request
157.0,0.0,"NMR, HPLC, MS, 图谱分析, 合成工艺, 结构鉴定",岗位主要是药物化学合成与工艺研发，涉及实验分析仪器和图谱鉴定，但没有AI、数据分析、软件开发或数字化技术要求，因此判为0。,expert_prompt_v1_one_ad_per_request
158.0,0.0,无AI/数字技术相关关键词；配送司机、车辆维护、驾驶经验、上岗证,岗位是配送司机，职责集中在货运驾驶、车辆维护和物流配送，没有软件、数据、自动化或人工智能相关内容。,expert_prompt_v1_one_ad_per_request
159.0,1.0,"DCS专员, 自动化系统, 管理操作, 生产过程参数记录",岗位涉及DCS和生产自动化系统的管理与操作，属于工业控制/自动化类数字技术应用；未出现数据分析、算法或人工智能相关内容。,expert_prompt_v1_one_ad_per_request
160.0,1.0,"CAD, 绘图软件, 项目设计",岗位要求熟练使用CAD等绘图软件，属于基础数字化/工程软件技能；未涉及数据分析、算法或人工智能。,expert_prompt_v1_one_ad_per_request
161.0,1.0,OFFICE软件、采购报表、采购分析、成本分析,岗位以采购与供应商沟通为主，未涉及AI或数据技术；仅出现常规办公软件和报表/分析等基础数字化办公内容，因此判为1。,expert_prompt_v1_one_ad_per_request
162.0,1.0,财务报表、数据整理、审核、财务管理,岗位以财务审核、费用管理和报表制作为主，涉及少量数据整理和办公数据处理，但没有AI、编程或数据分析等更强数字技术要求，因此归为基础数字/IT相关（1分）。,expert_prompt_v1_one_ad_per_request
163.0,1.0,"数据, 科技, 气象遥感, 精算, 数理统计, 农网建设, 综合金融, 保险销售服务网络",岗位以农业保险策略、渠道建设和业务推动为主，包含少量数据/科技相关背景要求（如数据、科技、气象遥感、精算、统计），但没有明确的AI、算法或数据分析类核心职责，因此归为基础数字/IT相关的1级。,expert_prompt_v1_one_ad_per_request
164.0,0.0,体系文件、作业SOP、工作计划、培训管理、工单投诉,岗位主要是环境/物业保洁管理与供应商协调、现场监督和培训，未体现软件、数据、自动化或AI等数字技术内容；SOP和工单更多是管理流程而非数字化技能。,expert_prompt_v1_one_ad_per_request
165.0,1.0,机械自动化、供应链管理、价格成本分析、市场分析,岗位以采购和供应链管理为主，涉及机械自动化相关专业背景及基础分析能力，但没有数据分析工具、算法或AI技术要求，属于基础数字化/IT相关程度。,expert_prompt_v1_one_ad_per_request
166.0,0.0,项目管理；资源库；招投标管理；行销支持,职位以客户经理、产品支持、行销和项目管理为主，没有明确的软件、数据、编程、算法或AI相关要求；“资源库”更偏业务资料整理，不构成数字技术内容。,expert_prompt_v1_one_ad_per_request
167.0,2.0,ERP系统维护、系统设计、编程、调试、模块测试、软件开发、系统维护和升级、ERP数据处理、查询、统计和分析、SQL数据库,岗位包含明显的数字化/IT工作内容，如ERP运维、系统设计、软件开发、数据库SQL和数据处理分析，但没有人工智能、机器学习等AI相关表述，因此评为2。,expert_prompt_v1_one_ad_per_request
168.0,0.0,"项目管理, 跨部门沟通, 进度跟进, 结案, 总结分析, PMP",岗位主要是传统项目管理与跨部门协调，涉及进度、流程和管理，不包含软件、数据、AI或其他明确数字技术内容，因此判为0。,expert_prompt_v1_one_ad_per_request
169.0,2.0,经营分析、投产追踪、考核方案测算、核心业务数据跟进、部门指标数据预测、Excel、PPT,岗位核心是经营分析和业务数据跟踪预测，明显涉及数据分析与指标测算，属于较强的数据/数字化内容；但未出现AI、机器学习等明确人工智能技术。,expert_prompt_v1_one_ad_per_request
170.0,1.0,电气工程及其自动化、变电站运行管理、发电厂生产管理、运维、数据、现场报告,岗位主要是电力/风电场运维与现场管理，包含一些数据记录和生产管理信息化属性，但没有明确的数据分析、软件开发或AI技术要求，因此评为基础数字/IT相关程度。,expert_prompt_v1_one_ad_per_request
171.0,0.0,,该岗位主要是保险销售、培训和管理培养计划，未出现软件、数据、云计算、自动化或人工智能等数字技术相关内容。,expert_prompt_v1_one_ad_per_request
172.0,0.0,风险研究，市场研究，项目服务，安全管理，定价，理赔,岗位主要是风控、市场研究和安全管理相关，没有出现软件、数据分析、数字化、AI或算法等技术内容，属于非AI/数字类职位。,expert_prompt_v1_one_ad_per_request
173.0,1.0,智能化设计、数采与控制闭环、仪表测量点、控制方案、DCS组态、PID整定、自动化设备、数字化相关,岗位主要是化工装备/仪表/自动化与控制系统设计，包含DCS组态、PID整定、数采与控制闭环等典型数字化/自动化内容，但没有明确提到AI、机器学习或大模型，因此判为1。,expert_prompt_v1_one_ad_per_request
174.0,0.0,培训管理、课程评估、技能提升、内训组织,岗位主要是培训运营与课程组织管理，没有出现软件、数据、自动化或人工智能等数字技术相关要求，属于非AI/数字化岗位。,expert_prompt_v1_one_ad_per_request
175.0,1.0,"测试设备, 测试标准, 测试方法, 系统搭建, 工艺设计, 标准化操作流程",岗位主要是材料研发与工艺测试，包含测试设备维护、测试方法/标准和系统搭建等一般数字化/工程技术内容，但没有数据分析、编程或AI相关要求，因此评为1。,expert_prompt_v1_one_ad_per_request
176.0,0.0,无明显AI/数字化关键词；理赔、保险、驾驶资格、五险二金,职位内容主要是保险理赔与线下业务支持，没有涉及软件、数据分析、自动化、AI或其他数字技术要求。,expert_prompt_v1_one_ad_per_request
177.0,2.0,指标分析、线上合作推动、数统、计算机,岗位包含业绩及指标分析、线上合作推动等数字化/数据化工作内容，且优先专业涉及数统和计算机，但未出现明确AI技术词汇，因此评为2分。,expert_prompt_v1_one_ad_per_request
178.0,0.0,生产设备操作、工艺控制、生产记录、数据整理,岗位主要是化工生产操作与设备维护，涉及的“数据整理”仅为基础记录工作，不包含明显的信息化、数据分析或AI技术内容。,expert_prompt_v1_one_ad_per_request
179.0,1.0,线上推广；计算机及互联网；网络公司；电话营销,岗位以金融销售为主，没有AI或数据分析要求；仅出现线上推广、互联网/网络公司、电话营销等基础数字化/互联网相关信号，因此判为1分。,expert_prompt_v1_one_ad_per_request
180.0,1.0,"自动化生产线改造, 机械臂, 机器人, 制图软件 Creo, SolidWorks",岗位涉及自动化产线改造、机械臂/机器人相关设计以及CAD制图软件，属于基础数字化/工业自动化内容；未出现数据分析、算法或AI模型等更强AI/数据技术表述。,expert_prompt_v1_one_ad_per_request
181.0,1.0,金融计算引擎开发与维护；编程基础；交易策略研发,岗位包含金融计算引擎开发和编程要求，属于基础数字/IT与软件开发相关内容；未出现数据分析、机器学习或人工智能等更强AI信号。,expert_prompt_v1_one_ad_per_request
182.0,0.0,"现场查勘, 理赔, 保险责任, 损失确定, 理赔咨询",岗位内容是车险理赔、查勘和客户协商，属于传统保险服务流程，没有软件、数据、算法或AI相关技术要求。,expert_prompt_v1_one_ad_per_request
183.0,1.0,教育信息化、软硬件产品、政府招投标、渠道管理、市场信息收集,岗位核心是教育信息化产品销售，涉及软硬件、信息化和渠道/招投标等数字化相关内容，但没有数据分析、算法或人工智能等更高级技术要求。,expert_prompt_v1_one_ad_per_request
184.0,2.0,自动化、信息化、智能仓储物流系统、物流跟踪及管理系统、无线数据传输系统、自动行车系统、图像识别系统、硬件系统和软件系统、智能化,岗位聚焦工业自动化和信息化解决方案销售，涉及智能仓储、物流管理、自动行车、图像识别等数字化系统，但未明确出现人工智能/机器学习等典型AI技术，因此评为2分。,expert_prompt_v1_one_ad_per_request
185.0,1.0,"数据支持, 质量管理, 生产管理, 工艺流程, 设备维护, ISO9001",岗位以模切生产管理、工艺优化、质量控制和设备维护为主，没有AI或数据分析类技术要求；仅出现“数据支持”等一般数字化表述，属于基础数字/IT相关程度很低。,expert_prompt_v1_one_ad_per_request
186.0,2.0,"大数据工程师, 数据仓库, ETL开发, 实时处理系统, 大数据基础架构平台, 分布式数据仓库, 海量数据批处理平台, 数据中台, 知识图谱",岗位核心是大数据、数据仓库、ETL、实时处理和数据中台建设，属于强数据/数字化技术岗位；未明确提到人工智能、机器学习或大模型，因此不评为3。,expert_prompt_v1_one_ad_per_request
187.0,1.0,数字医疗服务市场趋势；医疗信息化；用户体验,岗位以医学策略、临床研究和学术支持为主，没有AI算法或数据建模要求；但提到数字医疗服务市场趋势和医疗信息化，属于基础数字化/IT相关内容，因此评为1。,expert_prompt_v1_one_ad_per_request
188.0,0.0,无AI/数字化关键词,岗位为厨师/厨师长，职责集中在烹饪、菜谱制定、食堂管理和卫生安全，不涉及AI、数字化、数据分析或IT技术。,expert_prompt_v1_one_ad_per_request
189.0,1.0,"财务数据, 预算分析, 数据敏感, 数据分析能力",岗位以会计和财务管理为主，没有AI、大数据或编程等明确技术要求；但涉及财务数据分析和预算分析，属于基础数字化/数据处理内容，因此评为1。,expert_prompt_v1_one_ad_per_request
190.0,0.0,无明显AI/数字技术关键词；客户拓展；市场营销；业务融合发展,该岗位主要是市场营销和客户拓展类工作，没有出现软件、数据、编程、云计算、人工智能等数字技术或AI相关要求，因此判定为0。,expert_prompt_v1_one_ad_per_request
191.0,0.0,无明显AI/数字化技术关键词；主要是商务跟单、合同、下单备货、收款、发货、开票、招投标、流程优化,岗位职责以商务支持、客户服务和流程跟进为主，没有软件、数据分析、系统、算法或AI相关内容，属于非数字技术岗位。,expert_prompt_v1_one_ad_per_request
192.0,0.0,无明显AI/数字化关键词；车险理赔、现场查勘、损失确定、理赔咨询,岗位内容主要是车险理赔和现场查勘等线下业务，不涉及软件、数据分析、信息系统或AI相关技术。,expert_prompt_v1_one_ad_per_request
193.0,1.0,B2B，互联网，网络交流工具，社交网络，EMAIL,岗位主要是外贸业务，但要求熟悉B2B和互联网，使用网络交流工具与社交网络，属于基础数字化/线上办公与沟通工具使用，没有AI或数据分析内容。,expert_prompt_v1_one_ad_per_request
194.0,1.0,"IT基础建设, 计算机软硬件维护, IT网络维护, 应用服务器, 网络设备, 信息安全, OA, 网络运维",该岗位主要是网络与IT运维、硬件维护和信息安全审计，属于基础数字/IT内容，没有数据分析、算法或AI相关要求，因此判为1分。,expert_prompt_v1_one_ad_per_request
195.0,0.0,银行渠道、业务管理、客户服务、培训,岗位内容主要是银行渠道维护、销售服务和培训管理，没有出现软件、数据、自动化或人工智能相关技术内容。,expert_prompt_v1_one_ad_per_request
196.0,1.0,线上查勘，在线提供解答客户理赔咨询服务，线上/在线服务,岗位主要是保险理赔与远程服务，带有线上作业和在线沟通的数字化服务特征，但未涉及数据分析、算法或AI技术，因此评为基础数字/IT相关的1分。,expert_prompt_v1_one_ad_per_request
197.0,1.0,电子技术、电气、伺服控制、自动化、技术维修,岗位主要是电子/电气与自动化相关技术支持和设备维修，属于基础数字/IT技术相关内容，但没有数据分析、编程或人工智能等更强数字化/AI要求。,expert_prompt_v1_one_ad_per_request
198.0,0.0,,职位主要是陶瓷生产管理/管理培训生，描述中没有软件、数据、自动化、AI或数字化相关要求，仅提到管理理念和统筹能力。,expert_prompt_v1_one_ad_per_request
200.0,0.0,起重吊装、机械设备拆装、吊车、安全技术、索具、吊装方案,岗位内容是起重、吊装和施工安全操作，属于传统特种作业，没有AI、数字化、数据分析或IT相关要求。,expert_prompt_v1_one_ad_per_request
201.0,1.0,熟练操作办公软件,岗位以行政协助和供应链管理为主，没有AI或数据分析内容；仅提到熟练操作办公软件，属于基础数字化/IT使用。,expert_prompt_v1_one_ad_per_request
202.0,1.0,PLC、变频器、简单编程、设备改造升级、能源管理,岗位涉及工业自动化和电气控制技术，包含PLC和简单编程等基础数字/IT相关内容，但没有数据分析、算法或人工智能内容。,expert_prompt_v1_one_ad_per_request
203.0,1.0,运行数据记录、数据检测、监控系统、统计、仪器仪表,岗位主要是厂务设备运维、巡检和统计，包含一些基础数据记录和监控系统使用，但没有数据分析、编程或AI相关内容，属于基础数字/IT应用。,expert_prompt_v1_one_ad_per_request
204.0,1.0,"短视频制作, 视频拍摄和剪辑, 剪辑软件, PS, PR, AE, 3Dmax, C4D, 新媒体平台",岗位主要是新媒体视频制作与剪辑，涉及常见数字工具和软件技能，但没有数据分析、算法或人工智能相关要求，属于基础数字/IT内容。,expert_prompt_v1_one_ad_per_request
205.0,0.0,行政人事管理、文案撰写、招聘、人事管理、组织协调,职位内容主要是行政、人事和管理工作，没有出现软件、数据分析、系统、AI等数字技术相关要求，因此判为0分。,expert_prompt_v1_one_ad_per_request
206.0,1.0,"办公软件, 流程管理, 体系管理, 闭环控制, 综合计划, 会务管理",岗位以企业管理、流程和会务管理为主，明确要求熟练操作办公软件，属于基础数字化/IT使用；未涉及数据分析、编程或AI技术。,expert_prompt_v1_one_ad_per_request
207.0,1.0,"跨境电商, 独立站, 支付, 第三方平台, 营销平台, Google, Facebook, 电商运营, 办公软件, PowerPoint, Excel",岗位主要是跨境电商商务与客户拓展，包含独立站、支付、平台、海外媒体和办公软件等数字化业务元素，但没有数据分析、算法或人工智能相关要求，因此归为基础数字/IT类。,expert_prompt_v1_one_ad_per_request
208.0,1.0,"C++, QT, MFC, STL, Socket, Visual Studio, 数据库技术, 仿真技术, 基础算法",岗位主要是软件开发与维护，涉及C++/QT、调试环境、数据库和仿真等IT/软件技术，但没有明确的数据分析或AI/机器学习内容，属于基础数字技术类。,expert_prompt_v1_one_ad_per_request
209.0,1.0,结算系统、系统需求分析、测试及维护、SQL SERVER、ORACLE、计算机软件/硬件/网络、OFFICE,岗位主要是结算与清算业务，但明确要求使用结算系统、进行系统需求分析/测试/维护，并掌握SQL Server或Oracle数据库及计算机网络知识，属于基础IT/数字化内容，没有AI相关表述。,expert_prompt_v1_one_ad_per_request
210.0,1.0,设备维修、机电一体、电工证、进网证,岗位以设备维修和机电一体化为主，属于基础电气/工业技术类工作，涉及一定的设备和系统维护，但没有数据、软件或AI相关内容，因此判为1。,expert_prompt_v1_one_ad_per_request
211.0,0.0,"设备档案, 设备检修计划, 设备应急维修, 设备管理, 机械/机电一体化, 维修保养",岗位主要是传统设备管理、维修和保养，涉及机械和机电一体化基础知识，但没有软件、数据、自动化系统或AI相关要求，因此判为0。,expert_prompt_v1_one_ad_per_request
212.0,0.0,产品设计、外观设计、宣传文案、沟通,岗位主要是美学/产品外观设计与推广，不涉及软件、数据、系统、算法或人工智能等数字技术内容。,expert_prompt_v1_one_ad_per_request
213.0,0.0,项目前期评估、项目规划、合同文本、风电/太阳能、新能源资源信息,岗位主要是新能源项目开发、评估、谈判和政府关系管理，没有明显的软件、数据分析、自动化或AI相关要求。,expert_prompt_v1_one_ad_per_request
214.0,0.0,"供应链管理, 采购, 管培生, 物流",岗位为采购/供应链管培生，描述主要是任职资格和福利待遇，没有出现软件、数据分析、编程、自动化或AI相关技术内容。,expert_prompt_v1_one_ad_per_request
216.0,0.0,,岗位为行政专员，职责集中在制度执行、文件管理、资质申报、知识产权、质量体系审核、招聘考勤和后勤等人事行政事务，没有出现软件、数据、IT、自动化或AI相关内容。,expert_prompt_v1_one_ad_per_request
217.0,0.0,无明显AI/数字技术关键词；金融、投融资、证券、销售、项目管理,岗位主要是证券营业部的财富/投融资业务拓展与客户维护，不涉及软件、数据分析、自动化或人工智能等数字技术内容，因此判为0。,expert_prompt_v1_one_ad_per_request
218.0,1.0,"ERP系统, 库存数据, 仓库数据更新, 库存日报表",岗位以仓储管理为主，但明确要求使用ERP系统更新仓库数据、整理库存报表，属于基础数字化/信息系统应用，不涉及数据分析或AI技术。,expert_prompt_v1_one_ad_per_request
219.0,0.0,"系统分析方法, 规划能力, 数学, 统计, 精算",岗位主要是品牌宣传、公关和企业文化建设，没有软件、数据分析、编程、AI或数字化系统相关要求；提到的数学/统计/精算和系统分析方法更多是通用能力或专业背景，不构成明显数字技术内容。,expert_prompt_v1_one_ad_per_request
220.0,1.0,"系统运维, DRP, OMS, 桌面运维, 服务器网络运维, 监控故障报修, 数字化",岗位以系统运维、业务系统支持和服务器/网络维护为主，属于基础IT与企业数字化相关工作，没有出现数据分析或AI/机器学习等更高级技术内容。,expert_prompt_v1_one_ad_per_request
221.0,0.0,工艺控制参数、生产过程控制、新工艺调试、品质改善,岗位内容主要是工艺优化、生产过程控制和质量改善，属于传统制造/工艺工程，不涉及明显的数字化、数据分析或人工智能技术。,expert_prompt_v1_one_ad_per_request
222.0,1.0,线上化建设、风险定价、风控体系、辅助驾驶、新能源领域新技术研究,岗位涉及新能源、辅助驾驶相关的新技术研究，以及风控体系和线上化建设，体现一定数字化/IT化倾向，但没有明确的数据分析、编程或AI模型内容，因此判为1。,expert_prompt_v1_one_ad_per_request
223.0,0.0,"人才数据库, 网络招聘, 人才市场, 校园招聘, 猎头, 招聘渠道",岗位核心是人力资源招聘与事务性管理，提到的人才数据库和网络招聘属于常规招聘数字化工具，不涉及数据分析、编程或AI技术，因此判为0。,expert_prompt_v1_one_ad_per_request
224.0,0.0,无明显AI/数字化关键词；车险续保、客户服务、业绩提成、培训,岗位主要是保险续保与客户服务管理培训生，没有涉及软件、数据、自动化、AI或数字化技术内容。,expert_prompt_v1_one_ad_per_request
225.0,0.0,无明显AI/数字化关键词；车险续保；基础岗位；专业技能辅导,该岗位主要是保险续保与客户服务、管理培训生方向，没有涉及软件、数据分析、系统、自动化或人工智能等数字技术内容。,expert_prompt_v1_one_ad_per_request
226.0,1.0,计算机硬件、网络维护、路由器、交换机、防火墙、Win7/Win10、服务器、打印机、安装与维护,职位主要是基础IT/数字化运维工作，涉及电脑、网络设备、操作系统和服务器的安装维护，但没有数据分析或人工智能相关内容，因此评为1。,expert_prompt_v1_one_ad_per_request
227.0,0.0,车险理赔、案件勘验、损失核定、现场调查,岗位内容主要是保险理赔、现场勘验和调查服务，不涉及AI、数据分析或数字化技术要求，因此判为0。,expert_prompt_v1_one_ad_per_request
228.0,1.0,办公软件、制图软件、产品研发工作流程,岗位主要是机械/模具和产品结构设计，属于传统工程类工作；描述中仅提到办公软件和制图软件等基础数字工具，没有数据分析、编程或AI相关内容，因此判为1分。,expert_prompt_v1_one_ad_per_request
229.0,0.0,互联网文案、社会化营销、创意分享,岗位主要是创意文案与营销内容撰写，未涉及软件、数据分析、算法或人工智能等数字技术内容。,expert_prompt_v1_one_ad_per_request
231.0,0.0,,职位为年金客户经理，描述主要是销售/客户服务、团队管理和保险福利信息，没有出现软件、数据、IT、AI或数字化相关内容。,expert_prompt_v1_one_ad_per_request
232.0,0.0,无AI/数字化相关关键词；代理商开发、销售、回款、市场信息收集,该岗位主要是区域销售和招商管理职责，没有涉及软件、数据分析、系统、云计算、算法或人工智能等数字技术内容。,expert_prompt_v1_one_ad_per_request
233.0,1.0,办公室软件,职位要求熟练使用办公室软件，属于基础数字/IT工具使用，但没有数据分析、编程或AI相关内容。,expert_prompt_v1_one_ad_per_request
234.0,0.0,系统预估录入、查勘报告、调查报告、理赔、诉讼,岗位主要是法学、理赔查勘和诉讼相关工作，没有明显的AI、数据分析、编程或数字化技术要求；提到“系统录入”仅属于日常业务系统操作，不能算作数字技术内容。,expert_prompt_v1_one_ad_per_request
235.0,0.0,,岗位内容主要是生物/制药相关的细胞培养、蛋白纯化、制剂等技术工作，没有出现软件、数据、自动化、AI或数字化相关要求。,expert_prompt_v1_one_ad_per_request
237.0,1.0,数据统计分析,岗位描述包含数据统计分析，属于基础数字化/数据处理内容，但未涉及AI、机器学习或更高级的数据技术。,expert_prompt_v1_one_ad_per_request
238.0,1.0,"物联网监控技术, 自然灾害监测预警技术, 风险管理培训, 风控技术发掘与推动",岗位以风险评估、核保和风险减量服务为主，带有少量数字化/技术应用内容，明确提到物联网监控和监测预警技术，但没有AI、机器学习等明显人工智能要求，因此判为1分。,expert_prompt_v1_one_ad_per_request
239.0,0.0,"行政后勤, 办公设施设备, 物业管理, 台账, 培训记录",岗位内容主要是行政后勤、物业、接待、证照和安全管理，没有出现明显的数字化、IT或AI相关要求。,expert_prompt_v1_one_ad_per_request
240.0,1.0,"实验室管理, ISO17025, 数据汇总分析, 仪器设备维护, 报告编写",岗位以食品理化/微生物检测和实验室管理为主，涉及检验报告、数据汇总分析和仪器设备维护，属于基础数字化/信息化工作，但没有数据分析技术、编程或AI相关内容。,expert_prompt_v1_one_ad_per_request
241.0,1.0,天正、AUTOCAD、制图软件,职位要求熟练使用建筑制图软件，属于基础数字化/IT工具使用，但没有数据分析、算法或AI相关内容。,expert_prompt_v1_one_ad_per_request
242.0,1.0,自动化设备、非标自动化、调试、AutoCAD、传感器、气动、液压,岗位涉及自动化设备装配、调试和AutoCAD制图，属于基础数字/工业技术内容；未出现数据分析或人工智能等更高阶AI关键词。,expert_prompt_v1_one_ad_per_request
244.0,0.0,办公设备、会议布置、接待登记、后勤管理,岗位主要是前台接待、会议协调和后勤管理，没有体现软件、数据、算法或AI相关内容。,expert_prompt_v1_one_ad_per_request
245.0,0.0,,职位为人力资源专员，职责集中在招聘、培训、绩效考核和员工流程管理，未出现软件、数据、系统、AI等数字技术相关内容。,expert_prompt_v1_one_ad_per_request
246.0,1.0,熟练使用常用办公软件,岗位主要是生产文员、跟单协调和办公事务管理，没有AI或数据分析内容；仅提到常用办公软件，属于基础数字化/IT工具使用。,expert_prompt_v1_one_ad_per_request
247.0,0.0,信用卡、手机秒贷、ETC、贷款营销,岗位是银行客户经理和金融产品营销，内容主要是销售与客户开发维护，没有AI、数据分析、软件系统或数字化技术相关要求，属于非AI/非数字技术岗位。,expert_prompt_v1_one_ad_per_request
248.0,0.0,招聘计划、招聘渠道、简历筛选、面试、录用,岗位内容是招聘管理与人才招募，未涉及AI、数字化技术、软件系统、数据分析或IT相关职责，因此判为0。,expert_prompt_v1_one_ad_per_request
249.0,1.0,PPT、Word、Excel、办公软件、体系管理、质量管理信息化相关流程,岗位以质量管理、体系审核和流程改进为主，未涉及数据分析、编程或AI技术；仅提到常规办公软件使用，属于基础数字化/IT工具应用，故评为1。,expert_prompt_v1_one_ad_per_request
250.0,1.0,"技术支持, 新技术, 新工艺, 产品研发",岗位涉及产品研发、技术支持和新技术/新工艺应用，属于一般技术类和数字化相关内容，但未体现数据分析、编程或人工智能等更强AI数字技能。,expert_prompt_v1_one_ad_per_request
251.0,0.0,,岗位职责主要是销售接待、客户咨询和业绩完成，没有出现任何AI、数字化、软件、数据分析或IT相关内容。,expert_prompt_v1_one_ad_per_request
252.0,1.0,"设备安装, 调试, 变频器, 气动原理, 自动化生产线, 机电一体化, 电气安装",岗位主要是电气/机械安装与调试、自动化生产线维护，属于基础工业自动化和设备技术类数字化内容；未出现数据分析、软件开发或AI相关要求，因此评分为1。,expert_prompt_v1_one_ad_per_request
253.0,1.0,"word, ppt, excel, 销售数据收集, 整理, 分析, 门店运营管理制度",岗位主要是零售销售管理，但要求熟练使用办公软件，并涉及销售数据的收集、整理和分析，属于基础数字化/办公软件应用，不是明显的数据分析或AI岗位。,expert_prompt_v1_one_ad_per_request
254.0,1.0,"Java, 前端开发, React, Vue, nodejs, webpack, Linux, 微信小程序, 软件设计",该岗位以软件开发和前端技术栈为主，涉及 React、Vue、Node.js、Webpack 等典型数字/IT技能，但没有数据分析或AI相关要求，因此评为1。,expert_prompt_v1_one_ad_per_request
255.0,0.0,无明显AI/数字化关键词；偏医药代表、营销、轮岗、跨部门项目、计划分析沟通,岗位内容主要是医药营销和应届生培养，未提及软件、数据、系统、自动化或AI相关技术要求，因此判定为无AI/数字化内容。,expert_prompt_v1_one_ad_per_request
256.0,1.0,AI面试、智能分配精准客户,岗位主体是保险销售，AI/数字化内容很少，但出现了“AI面试”和“智能分配精准客户”，属于基础级别的数字化/智能化应用，不涉及数据分析、算法开发或明确AI技术岗位。,expert_prompt_v1_one_ad_per_request
257.0,1.0,线上销售渠道；社群运营；验光、定配培训,职位以门店销售和导购为主，没有AI或数据分析内容；仅提到团购、社群运营等常规线上销售渠道，属于基础数字化/互联网应用。,expert_prompt_v1_one_ad_per_request
258.0,1.0,"AUTOCAD, 3D软件, 项目管理, 工业工程, 精益管理, 生产线布局优化, 仓储物流优化",岗位以精益生产和现场改善为主，属于制造业管理/工业工程内容；仅提到AUTOCAD和3D软件等基础数字工具，没有数据分析、编程或AI相关内容，因此评为1分。,expert_prompt_v1_one_ad_per_request
259.0,0.0,"工艺工程师, 化学, 化学工程与工艺, 过程装备控制",岗位描述主要是化工工艺与工程专业要求，没有出现软件、数据、自动化系统、AI或数字化相关内容，属于非AI/数字技术岗位。,expert_prompt_v1_one_ad_per_request
260.0,2.0,数据分析、业务数据统计与整理、流程优化、网络技术支持、IDC、BGP、OSPF、CISCO、华为、Juniper,岗位以网络运维和技术支持为主，属于明确的IT/数字技术工作；同时提到数据分析和业务数据统计，但没有AI、机器学习等更高级算法内容，因此评为2。,expert_prompt_v1_one_ad_per_request
261.0,1.0,office、销售报表汇总、周报表统计、月度销售计划表、数据敏感,岗位以销售数据统计、报表整理和Office办公软件为主，属于基础数字化/IT工具使用，但没有数据分析、编程或AI相关内容。,expert_prompt_v1_one_ad_per_request
262.0,1.0,Office办公软件、CAD、Solidworks、自动化设备、工艺导入,岗位主要是工业工程/精益改善和生产流程优化，涉及常见办公和制图软件，以及设备改进与工艺导入，但没有数据分析、编程或AI相关内容，属于基础数字/IT工具使用。,expert_prompt_v1_one_ad_per_request
263.0,1.0,Office软件、ERP系统、订单管理、供应商绩效评估,岗位主要是采购跟单与供应链协调，没有AI或高级数据分析要求；但明确要求熟练使用Office和ERP系统，属于基础数字化/IT工具使用，故评为1。,expert_prompt_v1_one_ad_per_request
264.0,0.0,无明显AI/数字化技术关键词；政府事务、药品注册、法规、沟通协调、研发支持,岗位主要是政府事务和药品注册合规沟通，内容集中在政策法规、申报流程和行业关系维护，没有出现软件、数据、算法、AI等数字技术要求。,expert_prompt_v1_one_ad_per_request
265.0,1.0,EPR/EPR系统、订单维护、销货动作、结算、营业报告,岗位主要是跟单和订单管理，但明确提到在ERP中维护订单和完成销货、结算及报表处理，属于基础数字化/企业系统使用，不涉及数据分析或AI。,expert_prompt_v1_one_ad_per_request
266.0,0.0,市场分析、销售计划、客户沟通,岗位以销售、客户开发和市场分析为主，没有出现软件、数据、算法、AI或其他数字技术相关要求，属于非数字/非AI岗位。,expert_prompt_v1_one_ad_per_request
267.0,0.0,表格函数应用; 数据敏感性; 财务报表; 合并报表; 财务分析,岗位核心是会计、合并报表、预算和财务分析，没有明确的软件系统、数据技术或AI相关要求；仅提到熟练表格函数和对数据敏感，属于基础办公能力，不构成数字化/AI岗位特征。,expert_prompt_v1_one_ad_per_request
268.0,0.0,人事管理、人力资源管理、劳动法律法规、六大模块,岗位内容是传统人事/行政管理工作，未涉及软件、数据分析、数字化系统或AI相关技术。,expert_prompt_v1_one_ad_per_request
269.0,1.0,公司官方网站、微信公众号、内容编辑、发布、维护、管理、社会化媒体营销,岗位主要是新媒体内容编辑与运营，涉及网站和公众号等基础数字平台使用，属于一般数字化/IT应用，但没有数据分析、算法或AI相关要求。,expert_prompt_v1_one_ad_per_request
270.0,1.0,"ERP, SpringBoot, Cloud, 微服务架构, SAP, 金蝶, Java, Jira, Confluence, MS Project, 软件/系统项目管理",该岗位明显涉及企业软件、系统实施、微服务和项目管理等数字化/IT内容，但未出现人工智能、机器学习、数据建模等明确AI方向，因此评为1。,expert_prompt_v1_one_ad_per_request
271.0,1.0,"器件仿真, 版图设计, 半导体器件设计, 测试表征, 工艺",岗位涉及半导体器件设计与仿真、版图和测试表征等工程技术内容，属于较基础的数字/IT之外的技术研发类内容，但未出现数据分析或AI相关表述。,expert_prompt_v1_one_ad_per_request
273.0,1.0,数据统计、基础数据分析、数字化业务推动,岗位以销售、营销和队伍管理为主，包含数据统计和基础数据分析等基础数字化内容，但没有AI、算法或编程要求，属于1级。,expert_prompt_v1_one_ad_per_request
275.0,0.0,市场拓展、招商开发、报规设计、项目资料整理、市场营销、品牌营销策划、文案撰写,岗位主要是市场拓展和招商管理，描述中未出现软件、数据分析、IT系统或AI相关技术内容，属于传统线下市场/商务类岗位。,expert_prompt_v1_one_ad_per_request
276.0,0.0,无明显AI/数字技术关键词；主要为销售、市场推广、客户关系、技术支持、售后,该岗位核心是区域销售和市场开拓，描述中没有软件、数据、系统、自动化或AI相关要求，属于传统销售类职位。,expert_prompt_v1_one_ad_per_request
277.0,0.0,电话、短信、微信、办公室联系客户,岗位核心是车险销售/续保客服，使用电话、短信、微信等常规沟通工具，但没有软件开发、数据分析、自动化、AI或数字化转型相关内容。,expert_prompt_v1_one_ad_per_request
278.0,0.0,"证券营业部, 金融理财, 客户开发, 市场信息, 客户服务",岗位主要是证券经纪与理财销售、客户开发和服务，没有涉及软件、数据分析、自动化、AI或其他数字技术内容。,expert_prompt_v1_one_ad_per_request
279.0,1.0,电脑办公软件、基本操作,岗位主要是保险内勤和事务性工作，没有AI或数据分析内容；仅要求会使用电脑办公软件，属于基础数字化/IT技能，因此评为1。,expert_prompt_v1_one_ad_per_request
280.0,1.0,财务软件、办公软件、用友系统、会计报表、帐务处理,岗位以会计财务工作为主，涉及财务软件和用友系统等基础信息化工具，但没有数据分析、编程、算法或AI相关内容，因此归为1分。,expert_prompt_v1_one_ad_per_request
282.0,0.0,车险客户经理；报价出单；回访客户答疑；销售；电话联系客户；外出展业,岗位内容是保险销售与客户服务，未涉及软件、数据、自动化或人工智能等数字技术内容，属于非AI/数字类岗位。,expert_prompt_v1_one_ad_per_request
283.0,0.0,"人力资源管理, 组织变革管理, 薪酬福利设计, 绩效考核, 员工培训, 招聘",岗位为集团人力资源总监，内容集中在HR管理、组织变革、招聘、培训、薪酬绩效等传统人力资源职责，没有出现软件、数据、数字化、AI等技术内容。,expert_prompt_v1_one_ad_per_request
285.0,0.0,,岗位职责主要是董秘办、三会管理、信息披露、投资者关系和法务合规事务，没有出现软件、数据、IT、自动化或AI相关内容。,expert_prompt_v1_one_ad_per_request
286.0,0.0,"物业管理, 物业费收缴, 财务预算, 客户关系, 投诉处理",岗位内容主要是物业项目运营、团队管理和客户协调，没有明显的软件、数据、自动化或AI相关要求。,expert_prompt_v1_one_ad_per_request
287.0,1.0,"系统调试, 运行数据, 生产运行, 开车调试, 维保",岗位主要是气化装置的现场运行、调试、维保和协调管理，属于工业设备/系统运维类数字化内容；虽提到收集并分析运行数据，但没有数据分析工具、编程或AI相关要求，因此判为1。,expert_prompt_v1_one_ad_per_request
288.0,1.0,电脑操作能力,岗位主要是车商客户经理和业务对接，未涉及数据分析、编程或AI技术；仅提到较强的电脑操作能力，属于基础数字化/IT使用要求，故评为1。,expert_prompt_v1_one_ad_per_request
289.0,1.0,自媒体平台、微信公众号、视频剪辑、平面设计、互联网专业背景,岗位主要是品牌宣传和内容运营，包含微信公众号等自媒体运营以及基础视频剪辑和平面设计，属于基础数字/IT应用，但没有数据分析或AI相关要求。,expert_prompt_v1_one_ad_per_request
290.0,0.0,"GMP, 质量管理, 文件管理, 体系认证, FDA, KFDA, 客户审计",岗位内容集中在药品GMP质量体系、文件管理、认证审计和合规管理，没有AI、数字化、数据分析或IT技术相关要求。,expert_prompt_v1_one_ad_per_request
291.0,0.0,模具维修；日常维护；检修；故障排除；模具调试；技术支持,岗位主要是模具维修、调试和生产支持，属于传统机械/制造维护工作，没有出现软件、数据、自动化系统或AI相关内容。,expert_prompt_v1_one_ad_per_request
292.0,1.0,ERP系统操作；数据分析能力；采购流程；供应商绩效考核,岗位以采购和供应链管理为主，包含ERP系统和数据分析等基础数字化工具，但没有AI、数据科学或高级技术开发内容，因此归为1分。,expert_prompt_v1_one_ad_per_request
293.0,1.0,ERP软件运行维护，JAVA编程，系统技术调研，软件开发，信息化需求，二次开发,岗位主要是软件工程和企业信息化实施/维护，涉及Java编程、系统开发和二次开发，但未出现数据分析、算法或人工智能等更强数字技术内容。,expert_prompt_v1_one_ad_per_request
294.0,0.0,验证文件、工艺验证、质量体系、偏差、CAPA、质量风险、变更管理、GMP,岗位内容主要是药品生产验证和质量管理，涉及GMP、CAPA等合规与流程管理，不包含软件、数据、算法或人工智能等数字技术内容。,expert_prompt_v1_one_ad_per_request
295.0,1.0,金融科技,岗位主体是保险/金融销售与规划，未体现AI、数据分析或数字化技术要求；仅提到中国平安的金融科技布局，属于泛数字化背景信息，故评为1分。,expert_prompt_v1_one_ad_per_request
296.0,0.0,技术信息收集、研究分析报告、工艺技术、技术改造、研发,职位主要是化工/材料研发与工艺改进，涉及技术研究和生产优化，但没有明显的软件、数据分析、AI或数字化技术要求。,expert_prompt_v1_one_ad_per_request
297.0,1.0,线上化业务拓展、办公软件操作熟练掌握,岗位以客户拓展、销售支持和保险服务为主，主要出现的是线上化业务和办公软件等基础数字工具要求，没有数据分析、编程或AI相关内容。,expert_prompt_v1_one_ad_per_request
298.0,0.0,"战略管理, 投资管理, 宏观环境分析, 战略规划, 绩效考核, 并购, 股权投资",岗位内容主要是战略规划、投资管理和文案撰写，没有出现软件、数据分析、编程、算法或人工智能等数字技术相关要求。,expert_prompt_v1_one_ad_per_request
299.0,1.0,EXCEL函数使用能力、BSC应用能力、岗位技能矩阵构建、人才盘点、招聘测评工具,岗位以人力资源管理、组织发展和人才盘点为主，涉及Excel、BSC和测评工具等基础数字化办公/管理工具，但没有数据分析、编程或AI相关内容。,expert_prompt_v1_one_ad_per_request
300.0,1.0,office软件、财务软件应用、企业邮箱,岗位以财务事务和文书归档为主，没有AI或数据分析内容；但明确要求熟悉Office软件和财务软件，属于基础数字/IT工具使用，故评为1。,expert_prompt_v1_one_ad_per_request
301.0,1.0,系统实施上线、系统测试、环境搭建、安装部署、日常维护、EJB、servlet、spring、struts、hibernate、Oracle、SQLServer、DB2、SQL、存储过程、WebLogic、Tomcat、WebSphere、Windows、UNIX,该岗位主要是软件实施与系统部署维护，涉及数据库、SQL、应用服务器和操作系统等典型IT/数字技术内容，但没有数据分析、算法或AI相关要求，因此判为1分。,expert_prompt_v1_one_ad_per_request
302.0,0.0,无明显AI/数字化关键词；渠道管理、销售政策、销售计划、业务推动,岗位内容主要是渠道销售与业务推动，不涉及软件、数据、IT系统、算法或人工智能等数字技术内容。,expert_prompt_v1_one_ad_per_request
303.0,0.0,市场动态、促销方案、门店运营、沟通协调,岗位主要是直营业务和门店运营管理，涉及市场策划与线下协同，没有出现软件、数据、自动化、AI等数字技术内容。,expert_prompt_v1_one_ad_per_request
304.0,0.0,行政工作管理、行政安排、行政物资采购、后勤服务,岗位内容为传统行政与后勤管理，没有涉及软件、数据、自动化或人工智能等数字技术内容。,expert_prompt_v1_one_ad_per_request
305.0,0.0,无明显AI/数字技术关键词,岗位为销售内勤/业务协调类，职责主要是信息传递、任务下达和跟踪完成情况，没有提到软件、数据分析、IT系统或AI相关技术。,expert_prompt_v1_one_ad_per_request
306.0,0.0,客户信息维护、保单检视、理赔服务、续期服务,岗位内容主要是保险售后、客户服务和保单管理，没有出现软件、数据分析、自动化或AI相关技术内容。,expert_prompt_v1_one_ad_per_request
307.0,3.0,AI面试,职位描述中明确出现“AI面试合格”，属于直接的人工智能应用场景，因此按3分处理。,expert_prompt_v1_one_ad_per_request
308.0,0.0,,岗位主要是市场拓展、客户拜访、项目接待、合同洽谈与运营维护，没有出现软件、数据、信息系统、自动化或AI相关内容。,expert_prompt_v1_one_ad_per_request
309.0,1.0,"AUTOCAD, CREO, 3D图, 2D零件规格书, BOM, 结构设计软件",岗位以机械/结构设计为主，但明确要求使用AUTOCAD、CREO等专业设计软件，以及BOM管理，属于基础数字化/IT工具应用，不涉及数据分析或AI。,expert_prompt_v1_one_ad_per_request
310.0,0.0,无明显AI/数字化技术关键词；主要为客户经理、保险、理财、电话销售、客户服务、保单管理,岗位内容以金融理财、客户服务和销售跟进为主，没有软件、数据、IT、自动化或人工智能相关要求，因此判为0。,expert_prompt_v1_one_ad_per_request
311.0,0.0,,岗位主要是保险销售、金融产品营销和客户服务培训，没有出现软件、数据、IT、AI或数字化相关内容。,expert_prompt_v1_one_ad_per_request
312.0,0.0,财务流程审核、记账凭证、财务报表、税费申报、预算制定、财务分析,岗位是传统会计/财务工作，内容集中在核算、报表、税务和预算分析，没有明显的软件系统、数据技术或AI相关要求，因此判为0。,expert_prompt_v1_one_ad_per_request
313.0,1.0,办公软件、ERP、SAP系统、合并报表,岗位以财务会计为主，没有AI或数据分析要求；但明确提到办公软件、ERP和SAP等企业信息系统，属于基础数字化/IT应用内容，故评为1。,expert_prompt_v1_one_ad_per_request
315.0,0.0,,职位职责是金融贷款咨询和客户服务，未提及任何AI、数据分析、软件系统或其他数字技术相关内容。,expert_prompt_v1_one_ad_per_request
316.0,0.0,品牌活动、宣传策划、新闻稿件撰写、公众号运营、党务管理、会务管理,岗位以党建宣传、品牌活动、文字撰写和行政会务为主，提到公众号运营但未涉及明确的AI、数据、软件开发或数字化技术要求，因此判为0。,expert_prompt_v1_one_ad_per_request
317.0,1.0,网络营销、网络平台、计算机、熟练使用网络平台,岗位涉及海外网络营销和使用网络平台开展资源搜索，属于基础数字化/互联网应用，但没有数据分析、算法或AI相关内容。,expert_prompt_v1_one_ad_per_request
318.0,1.0,办公软件；统计报告；分析,岗位主要是保险续保客服与客户沟通，核心工作不涉及AI。仅提到熟练使用办公软件、做统计报告和对未续保客户做分析，属于基础数字化办公/数据处理内容，故评为1。,expert_prompt_v1_one_ad_per_request
319.0,1.0,"AUTOCAD, PROE, SOLIDWORKS, 二维和三维绘图软件",岗位主要是机械设计与产品研发，数字化内容体现在使用CAD/三维建模等工程设计软件，属于基础IT/数字工具使用，但没有数据分析、编程或AI相关要求。,expert_prompt_v1_one_ad_per_request
320.0,1.0,PPT、EXCEL、业务追踪体系、品质管控,岗位主要是客户经理和业务管理，未涉及AI或数据分析类技术；但明确要求熟练使用PPT、EXCEL等常用办公软件，并提到业务追踪体系和管控，属于基础数字化/IT应用，因此判为1分。,expert_prompt_v1_one_ad_per_request
321.0,0.0,"市场调研, 市场分析, 竞品信息, 销售策略",岗位是国内销售经理，内容主要围绕销售、客户开发和市场调研，没有明确的软件、数据分析、数字化或AI技术要求，属于非AI/数字技术岗位。,expert_prompt_v1_one_ad_per_request
322.0,1.0,"Solidworks, SAP, EXCEL, CAXA, 软件, 工艺文件编制, 工装设计",岗位主要是机械工艺工程，核心内容是工艺编制、工装设计和现场问题处理；虽然要求熟练使用Solidworks、SAP、EXCEL、CAXA等软件，体现一定数字化工具使用，但没有数据分析、编程或AI相关内容，因此判为基础数字/IT内容。,expert_prompt_v1_one_ad_per_request
324.0,1.0,办公软件；业务数据对标管理；项目进度/成本/质量/文档管理,岗位以商务、项目和运营管理为主，出现了办公软件和业务数据管理等基础数字化内容，但没有数据分析、编程、算法或AI相关要求，因此判为1。,expert_prompt_v1_one_ad_per_request
325.0,0.0,车险理赔、现场查勘、损失评估、驾驶证、机械,岗位主要是车险查勘和损失评估的线下业务服务，不涉及软件、数据分析、AI或其他数字技术内容。,expert_prompt_v1_one_ad_per_request
326.0,1.0,"技术对接, 技术升级, 产线改造, 工艺优化, 文档编制, 测试技术",岗位主要是MEMS芯片研发与工艺改进，包含一定的技术改造、产线和测试等数字化/IT相关性，但没有数据分析、编程、算法或AI内容，属于基础技术类而非AI。,expert_prompt_v1_one_ad_per_request
327.0,1.0,"AI芯片, 硬件架构, 原理图设计, PCB布局设计, PCIE板卡",岗位以硬件研发为主，核心工作是硬件架构、PCB和PCIE设计，属于基础数字/IT相关工程内容；仅提到AI芯片公司背景，没有明确AI算法或模型开发内容，因此不计为更高等级。,expert_prompt_v1_one_ad_per_request
328.0,0.0,"线上查勘, 在线解答, 在线与客户协商",岗位主要是保险理赔、查勘和客户服务，虽有线上/在线办理场景，但没有明确的软件、数据、IT或AI技术要求，因此归为0。,expert_prompt_v1_one_ad_per_request
330.0,0.0,"合同审核, 法律文件, 劳动仲裁, 工商变更, 合规管理, 制度体系",岗位内容以法务、合同审核、合规和行政事务为主，没有AI、数据分析、编程、软件系统或数字化技术相关要求。,expert_prompt_v1_one_ad_per_request
331.0,0.0,质量体系、质量管理、数据统计与分析、质量工具,岗位核心是质量管理、检验、体系建设和质量改进，没有出现IT、软件、数据技术或AI相关要求；提到的数据分析仅用于质量统计，不属于数字化或AI技能。,expert_prompt_v1_one_ad_per_request
332.0,0.0,"采购计划, 询价, 比价, 议价, 供应商管理, 机械图纸, 机加工, 钣金件, 结构件加工",岗位内容主要是采购、供应商协调和机械加工相关要求，没有出现软件、数据、IT系统、自动化或AI等数字技术内容。,expert_prompt_v1_one_ad_per_request
333.0,0.0,理赔全流程、现场走访调查、车险核赔,岗位内容主要是保险理赔、事故查勘和客户服务，没有涉及软件、数据分析、自动化、AI或其他数字技术要求，属于非AI/数字岗位。,expert_prompt_v1_one_ad_per_request
334.0,0.0,"质量管理, 质检, QC, 商品质量复查, 检验标准",岗位主要是门店和商品质量巡查、质检与复检、标准合规管理，没有涉及软件、数据分析、自动化或人工智能等数字技术内容。,expert_prompt_v1_one_ad_per_request
335.0,1.0,EXCEL、Word、ERP系统,岗位主要是仓储管理，但明确要求熟练使用EXCEL、Word等办公软件，并优先有ERP系统使用经验，属于基础数字化/IT工具使用，未涉及数据分析或AI。,expert_prompt_v1_one_ad_per_request
336.0,1.0,"计算机, 设计软件, AutoCAD, pro-e, UG, SolidWorks",岗位要求熟练使用CAD/三维设计等工程设计软件，属于基础数字化/IT工具应用，但未涉及数据分析、算法或人工智能。,expert_prompt_v1_one_ad_per_request
337.0,0.0,"CNAS体系, 计量C体系, TS16949, ISO9001, IATF16949, VDA6.3, 质量管理体系, 检测数据",岗位主要是质量管理、体系建设、供应商审核和检测数据审核，属于传统质量/流程管理；未涉及软件、数据分析工具、自动化、AI或数字化技术的明确要求。,expert_prompt_v1_one_ad_per_request
338.0,1.0,智能分配精准客户,岗位以保险销售和业务管理为主，没有AI算法、数据分析或软件开发内容；仅提到“智能分配精准客户”，属于基础数字化/系统辅助功能，因此判为1分。,expert_prompt_v1_one_ad_per_request
339.0,1.0,CAD软件、技术开发、项目管理、研究报告,岗位主要是技术规划和项目研究，明确提到熟练使用CAD软件，属于基础数字/IT工具应用；未出现数据分析、编程或人工智能相关内容。,expert_prompt_v1_one_ad_per_request
340.0,0.0,无明显AI/数字技术关键词；主要为金融租赁、客户经理、学历专业要求、英语成绩、CPA/CFA等资格,该岗位描述侧重应聘条件、学历专业和金融类资格要求，没有出现软件、数据、系统、编程、AI或数字化相关内容。,expert_prompt_v1_one_ad_per_request
341.0,0.0,"三坐标检测, 检验记录, 量具维护, 过程巡检",岗位主要是机械加工巡检和质量检验，涉及三坐标测量等生产检测工具，但没有软件、数据分析或AI相关内容，属于非数字/非AI岗位。,expert_prompt_v1_one_ad_per_request
342.0,0.0,无明显AI/数字化技术关键词；银行大堂服务、信用卡、储蓄卡、客户办理、产品推广,岗位主要是银行柜面/大堂服务与客户接待推广，不涉及软件、数据、系统、自动化或AI相关技术内容，因此判为0。,expert_prompt_v1_one_ad_per_request
343.0,1.0,"APP, 微信, 微博, 论坛, 互联网, 新媒体运营平台",岗位主要是新媒体渠道运营和业务开发，涉及互联网平台和APP/微信/微博等数字渠道，但没有数据分析、编程或AI相关内容，属于基础数字/IT应用。,expert_prompt_v1_one_ad_per_request
344.0,1.0,熟练使用办公软件，基本的网络知识,岗位以人力资源和行政工作为主，没有AI或数据分析内容；仅要求基本办公软件和网络知识，属于基础数字化/IT素养。,expert_prompt_v1_one_ad_per_request
346.0,1.0,AI项目推进；质量数据记录与分析；工业化落地；质量管理体系；SPC,岗位主体是质量工程与管理，包含数据记录分析、质量体系和工业化推进等数字化/IT相关信号；仅提到协助AI项目推进，但没有体现具体人工智能技术或模型，因此判为1分。,expert_prompt_v1_one_ad_per_request
348.0,0.0,,岗位主要涉及政府事务、医保政策、目录准入、沟通协调和项目活动组织，没有AI、数字化、数据分析或IT相关内容。,expert_prompt_v1_one_ad_per_request
349.0,0.0,,职位主要是医药行业政府事务、医保准入、政策沟通与危机处理，没有明显的软件、数据分析、自动化或人工智能相关内容。,expert_prompt_v1_one_ad_per_request
350.0,1.0,金蝶成本核算模块、金蝶操作经验、成本核算系统、财务分析,岗位核心是成本会计和财务核算，带有金蝶等企业软件/系统使用要求，属于基础数字化/IT工具应用，但没有数据分析、编程或AI相关内容。,expert_prompt_v1_one_ad_per_request
351.0,1.0,台账更新、日常数据运营、合同管理、招商洽谈,岗位以物业公共资源运营、招商和合同管理为主，涉及台账与日常数据运营等基础数字化管理，但没有数据分析、编程或AI相关内容。,expert_prompt_v1_one_ad_per_request
352.0,0.0,法律咨询、法务事务、行政采购、合同档案、知识产权、商标、版权,岗位内容以法务、合同管理、知识产权和行政采购为主，没有涉及AI、数字化系统、数据分析或IT技术。,expert_prompt_v1_one_ad_per_request
353.0,1.0,"APP, 金管家, 内勤岗位, 系统/产品服务",岗位核心是保险/金融销售与理财服务，不涉及AI或数据分析；仅提到依托平安金管家APP等数字化工具，属于基础数字/IT应用内容。,expert_prompt_v1_one_ad_per_request
354.0,0.0,焊接技术、焊接作业指导书、生产现场技术监督、质量管理,岗位主要是焊接工艺与生产质量管理，没有出现软件、数据、自动化、AI等数字技术相关内容。,expert_prompt_v1_one_ad_per_request
355.0,0.0,"报告系统, 报表, 产品相关数据, 客户档案",岗位是传统销售代表，主要工作是拜访客户、推广产品、维护档案和提交报表。虽然提到报告系统和数据统计，但没有明显的IT、数据分析或AI技术要求，因此判为0。,expert_prompt_v1_one_ad_per_request
356.0,1.0,"计算机, 遥感, 测绘, GIS, 售前支持, 方案制作, 项目管理, 招投标",岗位涉及计算机、遥感、GIS等数字地理信息技术，并包含方案制作、项目管理和招投标等IT/数字化项目相关工作，但没有数据分析或AI/机器学习内容。,expert_prompt_v1_one_ad_per_request
357.0,0.0,OFFICE等办公软件,岗位主要是企业文化、宣传、活动策划和内刊编辑，属于传统文职/文化管理工作；仅提到熟练使用OFFICE办公软件，没有明显IT、数据或AI相关内容。,expert_prompt_v1_one_ad_per_request
358.0,1.0,OFFICE办公软件,岗位主要是对公客户经理/客户经营类工作，核心职责偏销售与渠道维护；仅提到熟练使用OFFICE办公软件，属于基础办公软件技能，未涉及数据分析、编程或AI相关内容。,expert_prompt_v1_one_ad_per_request
359.0,1.0,"CAD, SolidWorks, AutoCAD, 3D打印",岗位主要是材料工艺研发与生产问题解决，属于制造/工程技术类；出现CAD、SolidWorks、AutoCAD和3D打印等数字化设计与制造工具，但没有数据分析、算法或AI相关内容，因此判为1分。,expert_prompt_v1_one_ad_per_request
360.0,1.0,办公软件、邮件沟通、订单文档、订单跟踪,岗位主要是外贸订单跟单和沟通协调，涉及基本办公软件和邮件处理等通用数字化办公能力，但没有数据分析、编程或AI相关内容。,expert_prompt_v1_one_ad_per_request
361.0,0.0,,岗位为人力资源助理，描述的是招聘、入离职、档案、合同和劳动法规等传统人事工作，没有出现软件、数据、数字化系统或AI相关内容。,expert_prompt_v1_one_ad_per_request
362.0,0.0,商务谈判、分析能力、成本意识、五金行业、蚀刻行业,岗位是蚀刻采购管理，描述中未出现软件、数据、自动化、AI或数字化系统等内容，主要是传统采购与行业经验要求，因此判为0。,expert_prompt_v1_one_ad_per_request
363.0,0.0,会计核算、会计报表、税务申报、财务审计、财务分析,岗位主要是传统会计与财务核算、报表和税务审计工作，没有出现软件、数据分析工具、编程或AI相关要求，因此判为0。,expert_prompt_v1_one_ad_per_request
364.0,1.0,办公软件操作熟练掌握,岗位主要是保险/销售支持与客户服务，没有AI或数据分析内容；仅提到熟练使用办公软件，属于基础数字化能力。,expert_prompt_v1_one_ad_per_request
366.0,1.0,"软件测试, 数据库应用软件, 数据库常用操作命令, Java, LINUX/UNIX, 软件工程, 网络知识",岗位主要是软件测试与数据库/系统操作，涉及Java、Linux/Unix和数据库等基础IT技能，但没有数据分析、算法或AI相关内容。,expert_prompt_v1_one_ad_per_request
367.0,1.0,"SAP, SRM系统, WORD, EXCEL, CAD, 办公软件",岗位主要是采购与供应链管理，没有AI或数据分析要求；但明确提到SAP/SRM系统及CAD、办公软件，属于基础数字化/IT工具使用。,expert_prompt_v1_one_ad_per_request
368.0,1.0,ERP系统数据维护、标准工时录入ERP系统、Solidworks、Proe、CAD,岗位涉及ERP系统数据维护、工时录入等基础数字化工具使用，以及CAD/Solidworks等工程软件，但没有数据分析、算法或AI相关内容，属于基础数字化/IT应用。,expert_prompt_v1_one_ad_per_request
369.0,1.0,微信公众号运营、微信推广效果分析、数据分析、PS基础、视频简单编辑,岗位主要是新媒体编辑与公众号运营，包含内容更新、推广效果跟踪和基础数据分析，以及PS和视频编辑等一般数字工具使用，但没有明显的数据技术、编程或AI相关要求。,expert_prompt_v1_one_ad_per_request
370.0,1.0,熟练操作办公室软件系统、EXCEL、WORD、PPT、总机电话、快递收发管理,岗位以行政前台事务为主，没有AI或数据分析要求；但明确要求熟练使用办公软件和基础数字化办公工具，因此判为1级。,expert_prompt_v1_one_ad_per_request
371.0,1.0,Office办公软件、信息收集、回款追踪,职位以销售和业务管理为主，未涉及AI或数据分析；仅提到熟练使用Office等基础数字工具，因此归为基础数字/IT内容。,expert_prompt_v1_one_ad_per_request
372.0,0.0,,职位是公司内部餐厅厨师，职责为制作员工午餐，没有涉及软件、数据、自动化、AI或其他数字技术内容。,expert_prompt_v1_one_ad_per_request
373.0,1.0,"硬件设计, 原理图设计, PCB Layout, BOM, 板级测试, FPGA, ARM处理器, 以太网接口, Cadence, OrCAD, Allegro, 数字电路",岗位主要是硬件工程与电路设计，包含PCB、原理图、测试和EDA工具等典型数字/IT相关技术，但没有人工智能、机器学习或大数据等更强的数据智能内容。,expert_prompt_v1_one_ad_per_request
374.0,0.0,无明显AI/数字化技术关键词；信用卡客户经理、产品推广、客户维护、市场分析、营销技巧,岗位主要是银行信用卡销售和客户服务，描述中没有软件、数据、系统、自动化或AI相关内容，属于非数字技术岗位。,expert_prompt_v1_one_ad_per_request
375.0,1.0,办公软件操作；线上合作推动,岗位以车代渠道销售和合作网点维护为主，属于业务销售类；仅提到熟悉办公软件和线上合作推动，属于基础数字化/IT使用，不涉及数据分析、编程或AI。,expert_prompt_v1_one_ad_per_request
376.0,0.0,,职位描述主要是金融/销售类福利和任职要求，没有提到软件、数据、系统、自动化或任何AI相关技术内容。,expert_prompt_v1_one_ad_per_request
377.0,0.0,未涉及AI/数字技术；保安、人员车辆核实登记、宿舍WiFi,岗位是保安工作，核心职责为人员和车辆登记核实，不属于AI或数字技术岗位。提到的WiFi仅是福利设施，不构成技术内容。,expert_prompt_v1_one_ad_per_request
378.0,1.0,机电一体化、自动化、电子信息、研发工程师、产品工程师、设备工程师、维修工程师,岗位涉及自动化、电子信息和工程技术相关方向，属于基础数字/IT与工业技术类内容，但未出现数据分析、编程、AI或模型等更强数字化信号。,expert_prompt_v1_one_ad_per_request
379.0,0.0,国际业务、国际渠道建设、前端产品规划、化工/材料/电子信息、国际贸易,岗位主要是国际业务拓展、渠道建设和销售协助，没有明确的软件、数据、系统、AI或数字化技术要求；‘电子信息’仅是专业背景，不构成数字技术内容。,expert_prompt_v1_one_ad_per_request
380.0,0.0,,岗位职责为售后服务、理赔协助、投诉处理、续保和销售邀约，未涉及软件、系统、数据分析或人工智能等数字技术内容。,expert_prompt_v1_one_ad_per_request
381.0,0.0,"人才地图, 招聘渠道, 人才库, 猎头, 人力资源项目",岗位是招聘专员，内容主要围绕招聘、人才库、猎头和人力资源项目，未涉及数字化系统、数据分析或AI技术。,expert_prompt_v1_one_ad_per_request
382.0,1.0,"微信公众号运营, 新媒体, 网络潮流动态, 软文编辑发布",岗位主要是新媒体内容编辑和公众号运营，属于基础数字媒体/互联网运营工作，没有数据分析、编程或AI相关要求，因此评为1。,expert_prompt_v1_one_ad_per_request
383.0,0.0,翻译；知识管理；沟通协作,职位主要是英语翻译与文本处理，没有明确的AI、数字化、数据分析或IT技术要求；“知识管理”仅为一般工作方法，不构成数字技术内容。,expert_prompt_v1_one_ad_per_request
384.0,0.0,无明显AI/数字化关键词；行政管理；招聘；培训；物业管理；固定资产管理；办公环境管理,该岗位主要是行政、人事、后勤和综合管理工作，没有出现软件、数据分析、系统、自动化、AI等数字技术相关要求，因此判为0。,expert_prompt_v1_one_ad_per_request
385.0,1.0,"办公软件, 用友, 财务核算系统, 财务分析",岗位主要是财务会计工作，没有AI或高级数据分析内容；但明确要求熟练使用办公软件和用友等财务核算系统，属于基础数字化/IT系统使用，因此记1分。,expert_prompt_v1_one_ad_per_request
386.0,0.0,,岗位为综合类管培生，职责方向是人力资源、行政、法律、审计、企业管理等传统管理类内容，未体现软件、数据、自动化、AI或其他数字技术要求。,expert_prompt_v1_one_ad_per_request
387.0,1.0,办公软件、办公设备、订单管理、文件资料管理,岗位主要是业务跟单和订单/文件管理，包含基本办公软件和办公设备使用，属于基础数字化办公内容，但没有数据分析、编程或AI相关要求。,expert_prompt_v1_one_ad_per_request
388.0,1.0,电子门禁管控,岗位以宿舍管理为主，没有AI或数据分析内容；仅提到电子门禁管控，属于基础数字/IT设备使用，因此判为1分。,expert_prompt_v1_one_ad_per_request
389.0,0.0,新媒体平台、公众号、微博、微信朋友圈、小红书、图文编辑、运营,岗位主要是医美文案、新媒体内容编辑与运营，涉及常规互联网平台内容发布，不包含明显的软件开发、数据分析或人工智能技术要求，因此判为0。,expert_prompt_v1_one_ad_per_request
390.0,0.0,"生产计划, 质量控制, 团队管理, 生产流程, 降低成本, 安全生产规范",岗位是传统生产管理/车间主管，内容集中在生产计划、质量管理、团队管理和流程优化，没有明显的软件、数据、自动化、AI或数字化技术要求。,expert_prompt_v1_one_ad_per_request
391.0,1.0,"ECN, BOM, management systems, workflow, internal audit, ISO/IATF quality systems, measurement equipment calibration","The ad focuses on quality management systems and document/process control. It includes basic digital/IT-adjacent items like ECN and BOM maintenance, but no data analytics, programming, AI, or advanced digital transformation content.",expert_prompt_v1_one_ad_per_request
392.0,0.0,,职位为外贸业务员，描述中未出现软件、数据、IT或AI相关内容，属于非数字化岗位。,expert_prompt_v1_one_ad_per_request
393.0,0.0,无明显AI/数字技术关键词；金融销售、投资理财、客户经营、售前售后服务,岗位主要是金融销售与客户服务，描述中未涉及软件、数据、系统、自动化或人工智能等数字技术内容，因此判为0。,expert_prompt_v1_one_ad_per_request
394.0,0.0,项目管理、现场管理、调试、报验、数据收集与分析,岗位主要是船舶/海工项目现场管理与安装交付，虽提到收集和分析项目过程数据，但没有明显的IT、数据技术或AI相关要求，属于非数字化核心岗位。,expert_prompt_v1_one_ad_per_request
395.0,1.0,CMES、数据异常处理、办公软件、设备运维、故障维修,岗位以设备日常维护、故障维修和数据异常处理为主，属于基础数字化/IT相关运维场景，但没有AI、大数据、算法等更强数字技术要求。,expert_prompt_v1_one_ad_per_request
396.0,2.0,"自动化测试设备, 数据分析, Excel, Matlab, 测试编程语言, LabVIEW, Python, VB, C#",岗位以晶圆测试和自动化测试为主，包含数据分析和测试编程/工具使用，属于较强的数字化/技术类内容；但未出现人工智能、机器学习等明确AI表述，因此评为2。,expert_prompt_v1_one_ad_per_request
397.0,1.0,"软件测试, 测试工具, 测试用例, 集成测试, 系统测试, 自动化测试, Windows/Linux, 缺陷管理系统",岗位主要是软件/手机App测试与自动化测试，涉及操作系统和缺陷管理等IT工具，但没有数据分析、算法或明确AI内容，因此归为基础数字/IT类。,expert_prompt_v1_one_ad_per_request
398.0,1.0,微信群、系统的培训学习、线上线下联合经营客户、网销,岗位以客户运营、社群经营和销售服务为主，包含微信群、网销和系统培训等基础数字化工作，但没有数据分析、算法或AI相关内容。,expert_prompt_v1_one_ad_per_request
399.0,1.0,熟悉办公软件操作,岗位以诉讼追偿、调解协谈和保险案件管理为主，没有AI或数据分析等明显技术要求；仅提到熟悉办公软件，属于基础数字化/IT应用。,expert_prompt_v1_one_ad_per_request
400.0,0.0,"CNAS, 试验设备, 作业指导书, 操作规程, 测量审核",岗位主要是环境可靠性试验与实验室管理，涉及设备操作、标准验证和文档编写，但没有AI、数据分析或明显的信息化/数字化技术要求，因此判为0。,expert_prompt_v1_one_ad_per_request
401.0,0.0,日语翻译、商务洽谈、文件翻译、现场同步翻译,岗位主要是日语翻译与接待沟通工作，没有出现AI、数据、软件系统、编程或数字化技术相关内容。,expert_prompt_v1_one_ad_per_request
402.0,0.0,查勘、定损理算、风控调查,岗位内容主要是财产险理赔、查勘定损和风险调查，没有出现软件、数据分析、系统、自动化或人工智能等数字技术相关要求。,expert_prompt_v1_one_ad_per_request
404.0,0.0,"新媒体, 内容策划, 文章撰写, 采编, 推送, 行业分析",岗位核心是内容编辑、采编和活动策划，涉及新媒体运营但未出现软件开发、数据分析、IT系统或AI相关要求，属于非AI/数字技术岗位。,expert_prompt_v1_one_ad_per_request
405.0,0.0,,岗位内容主要是施工、项目管理、材料/人工计划、质量安全与结算回款等传统工程职责，没有明显的软件、数据、自动化或AI相关要求。,expert_prompt_v1_one_ad_per_request
406.0,1.0,"Java, SpringBoot, Dubbo, MyBatis, 分布式系统, 中间件, 缓存, 消息队列, 数据库, 系统架构, 安全架构, 性能调优",职位以金融交易系统和软件架构开发为主，明确涉及Java框架、分布式系统、中间件、数据库和性能调优等IT/数字化内容，但没有人工智能、机器学习或大模型等AI相关要求。,expert_prompt_v1_one_ad_per_request
407.0,1.0,经营报表、月度运营会、预算达成、滚动预测、同环比、分析、报告、管理体系,岗位以财务运营、经营分析和报表管理为主，包含一定的数据分析和数字化管理工作，但没有出现Python、SQL、算法、AI等更强技术内容，因此判为1分。,expert_prompt_v1_one_ad_per_request
408.0,0.0,无明显AI/数字技术关键词；医药销售、药品招标、临床招商、市场维护、市场推广,职位内容主要是医药销售与市场推广相关，没有出现软件、数据、自动化、AI等数字技术要求，因此判为0。,expert_prompt_v1_one_ad_per_request
409.0,0.0,幻灯片; 销售和市场拓展方法; 沟通技能; 客户拜访,岗位是医药销售代表，描述重点在销售、沟通、客户拜访和市场拓展，没有出现软件、数据、自动化或AI相关内容。,expert_prompt_v1_one_ad_per_request
410.0,2.0,信息流投放、广告投放、巨量引擎/千川、数据分析、Excel、用户行为分析、账户后台,岗位核心是数字化广告投放与运营，包含账户搭建、投放优化、数据分析和平台后台操作，属于较强的数字营销/数据驱动工作，但未涉及明确的AI模型或机器学习。,expert_prompt_v1_one_ad_per_request
411.0,1.0,办公软件、信息系统管理和维护、价格信息系统、统计分析,岗位主要是采购核价与成本控制，包含办公软件使用和价格信息系统管理，属于基础数字化/IT应用，但没有数据分析建模或AI内容。,expert_prompt_v1_one_ad_per_request
413.0,0.0,,岗位内容主要是保险理赔、线上查勘和客户沟通协商，没有出现软件、数据分析、算法、AI或其他数字技术相关要求，属于非AI/数字化岗位。,expert_prompt_v1_one_ad_per_request
414.0,1.0,"Auto CAD, CATIA, Pro-E, 3D/2D图纸, BOM表",岗位包含机械设计中的常规数字化工具与软件使用，如CAD制图、CATIA、Pro-E和BOM整理，但没有数据分析、算法或AI相关内容，属于基础数字/IT应用。,expert_prompt_v1_one_ad_per_request
415.0,1.0,计算机、office办公软件、业务系统、数据准确、GPS设备,岗位以系统录入、业务系统维护和GPS设备登记为主，属于基础数字化/IT操作，不涉及数据分析、编程或AI技术。,expert_prompt_v1_one_ad_per_request
416.0,1.0,C++开发、SDK开发与维护、FFmpeg、WebRTC、Linux/Windows、音视频编解码、多线程、Git,岗位以软件开发和系统集成为主，涉及音视频编解码、WebRTC、Linux/Windows等数字技术内容，但未出现数据分析、算法建模或AI相关表述，属于基础数字/IT类。,expert_prompt_v1_one_ad_per_request
417.0,1.0,"软件开发, C/C++, VC++, 上位机软件开发, 串口通信协议, PC与下位机通讯, 安卓APP, 数字图像处理",职位以传统软件开发和通信编程为主，涉及C/C++、PC/下位机通讯、安卓开发等基础数字技术；提到数字图像处理但未明确AI/机器学习，因此归为1分。,expert_prompt_v1_one_ad_per_request
418.0,1.0,办公常用软件、微软办公软件（PPT/EXCEL/WORD）、用友ERP、通达OA、工业工程项目管理,岗位以人力资源规划和管理为主，涉及常用办公软件、ERP和OA等基础数字化工具，但没有数据分析、编程或AI相关要求，因此判为基础数字化/IT内容。,expert_prompt_v1_one_ad_per_request
419.0,2.0,云平台、数据中心、服务器、Linux运维、OpenStack、Ceph分布式存储、Shell脚本、Python、Docker、LXC、KVM、QEMU、Libvirt、SDN,岗位主要是云平台/系统运维与虚拟化存储管理，涉及脚本编程、Python、OpenStack、Ceph、Docker、SDN等较强数字化技术内容，但没有明确的人工智能/机器学习要求，因此判为2。,expert_prompt_v1_one_ad_per_request
420.0,0.0,无明显AI/数字技术关键词；客户拓展、市场营销、业务融合发展,职位主要是市场营销与客户拓展工作，描述中未出现软件、数据分析、编程、云计算或人工智能等数字技术要求，因此判定为无AI/数字技术内容。,expert_prompt_v1_one_ad_per_request
421.0,1.0,EXCEL操作,岗位主要是人事助理/HRBP支持，核心工作为招聘、员工关系和绩效培训管理；仅要求熟悉EXCEL，属于基础办公数字技能，没有数据分析、编程或AI相关内容。,expert_prompt_v1_one_ad_per_request
422.0,1.0,"充电桩, 电力电源系统, CAD图纸, 生产计划, 生产管理",岗位主要是充电桩生产与现场管理，属于制造/工程类工作；提到会看CAD图纸和生产计划，带有基础数字化/工程软件使用，但没有数据分析或AI相关内容。,expert_prompt_v1_one_ad_per_request
423.0,1.0,"线上合作推动, 客户挖掘, 营销策划",岗位主要是车险销售和网点管理，属于传统业务销售；仅提到线上合作推动等一般数字化运营内容，没有AI、数据分析或专业IT技术要求。,expert_prompt_v1_one_ad_per_request
424.0,0.0,无明显AI/数字化关键词；销售、市场开拓、客户档案、商务谈判、合同执行,岗位以销售和客户管理为主，没有出现软件、数据分析、信息系统、自动化或人工智能相关内容，因此判为0。,expert_prompt_v1_one_ad_per_request
425.0,0.0,,岗位为销售/业务类，主要涉及市场开拓、客户维护、商务谈判、合同执行和回款管理，没有出现AI、数字化、IT、数据分析或软件系统等相关内容。,expert_prompt_v1_one_ad_per_request
426.0,0.0,材料认证、材料测试、材料分析、汽车电子材料、失效机制、测试流程、检验规范,岗位主要是材料认证、测试与质量管理，没有出现软件、数据分析、自动化、AI或其他数字技术相关要求，属于非AI/数字岗位。,expert_prompt_v1_one_ad_per_request
427.0,1.0,ERP系统录入、填报、审核；系统操作；研发领料/采购订单审核,岗位涉及ERP系统和日常信息化录入审核，属于基础数字化/IT系统使用，但没有数据分析、算法或人工智能内容。,expert_prompt_v1_one_ad_per_request
428.0,1.0,"半导体集成电路, 技术管理, 机械设计, 电气原理, 合理化改善",岗位涉及半导体集成电路制造现场的技术管理，以及机械、电气等工程知识，属于偏制造业/工业技术内容；未出现数据分析、软件开发或AI相关要求，因此评为基础数字/IT相关的1分。,expert_prompt_v1_one_ad_per_request
429.0,1.0,线上反馈、客户信息真实性校验,职位以销售、网点维护、续保沟通和业务拓展为主，没有AI或数据分析要求；仅出现线上反馈、信息校验等轻度数字化工作内容，因此判为1。,expert_prompt_v1_one_ad_per_request
430.0,1.0,ERP系统、财务软件（用友/金蝶）、Excel、数据处理与分析、系统管理,岗位以成本核算和财务管理为主，包含ERP系统维护、财务软件和Excel数据分析等基础数字化工具使用，但没有AI、机器学习或高级数据技术内容，因此评为1。,expert_prompt_v1_one_ad_per_request
431.0,0.0,研发、实验性研发、工艺改进、技术分析报告,岗位主要是产品研发和生产工艺改进，属于传统工程/研发工作，没有明确的软件、数据、算法或人工智能相关内容。,expert_prompt_v1_one_ad_per_request
432.0,0.0,"市场营销, 销售管理, 市场分析, 品牌推广, 工程项目营销",岗位主要是区域营销和销售管理，涉及市场分析和推广，但没有明显的软件、数据、AI或数字化技术要求，因此判为0。,expert_prompt_v1_one_ad_per_request
433.0,1.0,嵌入式硬件开发、硬件模块、测试调试、数字电路、模拟电路、电路设计软件,岗位主要是嵌入式/硬件研发与电路设计，属于基础数字化/IT相关技术工作，但没有AI、数据分析或算法类内容，因此评为1。,expert_prompt_v1_one_ad_per_request
434.0,0.0,"农险理赔, 理赔工作",岗位内容是农业保险理赔，属于保险业务流程，不包含明显的软件、数据、AI或其他数字技术要求。,expert_prompt_v1_one_ad_per_request
435.0,1.0,办公软件、微信公众号、网站运营与维护、平面设计软件、专业相机拍照,岗位以企业文化、文案和活动策划为主，但涉及微信公众号和网站运营维护、办公软件及平面设计软件等基础数字工具使用，属于基础数字/IT内容，没有AI或数据分析要求。,expert_prompt_v1_one_ad_per_request
436.0,1.0,"全自动控制, 生产线, 先进的试验分析与研究开发成套设备",招聘内容以材料领域的推广销售为主，涉及生产线全自动控制和试验分析设备，属于一般工业自动化/技术应用，但没有明确的数据、AI或数字化开发要求，因此判为1分。,expert_prompt_v1_one_ad_per_request
437.0,1.0,"熟练使用办公软件, 资料档案管理",岗位主要是文员和档案管理，但明确要求熟练使用办公软件，属于基础数字化/IT工具使用，因此评为1分。,expert_prompt_v1_one_ad_per_request
438.0,0.0,"质量管理, 8D报告, 质量分析工具, ISO9001, IATF16949",岗位主要是质量管理与客户投诉处理，涉及质量体系和分析工具，但没有软件、数据分析、编程、自动化或人工智能相关内容，属于非AI/数字技术岗位。,expert_prompt_v1_one_ad_per_request
439.0,1.0,PS、AI等设计软件；公众号推文排版；媒体矩阵运营；视频剪辑,岗位主要是设计与内容运营，明确提到使用PS、AI等设计软件，属于基础数字工具应用，但没有AI算法、数据分析或智能技术内容。,expert_prompt_v1_one_ad_per_request
440.0,1.0,"硬件测试, 测试项目管理, 测试流程, 缺陷管理流程, 测试质量管理体系, 测试工具",岗位主要是硬件产品测试和项目管理，涉及测试流程、工具和质量管理等基础IT/数字化工作内容，但没有数据分析、算法或人工智能相关要求，因此评为1。,expert_prompt_v1_one_ad_per_request
441.0,0.0,无明显AI/数字化技术关键词；招聘、员工关系、政府对接、人事行政,岗位主要是人事行政管理、招聘和员工关系，不涉及软件、数据、自动化或AI相关技术内容，因此判为0。,expert_prompt_v1_one_ad_per_request
442.0,1.0,全渠道、线上化推动、系统/体系搭建、数统类、计算机类,岗位以市场营销和渠道运营为主，但包含全渠道运营、线上化推动和体系搭建等数字化管理信号；未出现数据分析、编程或AI相关技术要求，因此判为基础数字化内容。,expert_prompt_v1_one_ad_per_request
443.0,1.0,客户系统订单；ERP系统；常规办公软件,岗位涉及客户系统订单查看、库存监控以及ERP系统使用，属于基础数字化/信息系统应用，但没有数据分析、算法或人工智能内容。,expert_prompt_v1_one_ad_per_request
444.0,1.0,办公软件；数据处理；销售数据汇报,岗位以销售为主，没有AI或数据分析/编程等强数字化要求；仅提到常用办公软件和基础数据处理，属于基础数字化技能。,expert_prompt_v1_one_ad_per_request
445.0,0.0,,岗位为大客车通勤司机，职责集中在驾驶、车辆养护和交通熟悉度，没有软件、数据、系统、自动化或AI相关内容。,expert_prompt_v1_one_ad_per_request
446.0,0.0,,岗位内容主要是保险、医疗咨询、理赔和客户服务，没有AI、数字化技术、数据分析或IT系统相关要求。,expert_prompt_v1_one_ad_per_request
447.0,0.0,,岗位职责主要是客户开发、销售合同、回访、参展和应收账款催收，未涉及软件、数据、自动化、AI或其他数字技术内容。,expert_prompt_v1_one_ad_per_request
448.0,1.0,微信公众号运营、微信运营推广、文案策划、活动策划,岗位涉及微信公众号运营、微信推广和数字媒体内容运营，属于基础数字/互联网运营工作，但没有数据分析、编程或AI相关内容。,expert_prompt_v1_one_ad_per_request
449.0,1.0,C/C++、嵌入式软件开发、协议层研发、蓝牙/WIFI协议栈,岗位主要是通信算法与协议栈/嵌入式开发，属于基础数字/IT与软件研发内容；未出现AI、机器学习、深度学习等明确人工智能技术。,expert_prompt_v1_one_ad_per_request
450.0,1.0,"嵌入式软件开发, ARM处理器, USB通讯, 数据采集板卡, C/C++, 底层驱动, eMMC, NAND, Python",该岗位主要是嵌入式软件和底层驱动开发，涉及ARM、USB、C/C++、Python等数字/IT技术，但没有人工智能、机器学习或大模型等明确AI内容，故评为1。,expert_prompt_v1_one_ad_per_request
451.0,0.0,采购管理、采购计划、市场信息、采购成本、报帐,岗位内容主要是传统采购、供应商比价、质量把控和物资管理，没有明显的软件、数据分析、自动化或AI相关要求。,expert_prompt_v1_one_ad_per_request
452.0,0.0,采购管理、采购计划、市场信息、报帐、采购成本,职位为采购专员，内容集中在采购执行、供应商比价、成本控制和物资管理，没有明显的软件、数据分析、自动化或AI相关要求。,expert_prompt_v1_one_ad_per_request
453.0,0.0,,岗位内容主要是金融/保险销售、客户服务和业务拓展，没有出现软件、数据、自动化、AI或其他数字技术相关要求。,expert_prompt_v1_one_ad_per_request
454.0,0.0,无明显AI/数字技术关键词；保险销售；客户经理；售前售中售后；承保；理赔,岗位内容主要是金融保险销售与客户服务、业务拓展和流程协调，没有涉及软件、数据分析、IT系统、算法或人工智能等数字技术要求。,expert_prompt_v1_one_ad_per_request
455.0,0.0,无明显AI/数字化技术关键词；行政管理、流程优化、规章制度、员工关系、薪酬绩效,岗位为行政人事管理，主要涉及制度流程、行政事务和员工管理，没有出现软件、数据分析、数据库、编程、云计算或人工智能等数字技术内容。,expert_prompt_v1_one_ad_per_request
456.0,1.0,ERP系统、统计数据分析、物料需求计划、生产计划,岗位涉及ERP系统推动与完善，以及统计数据分析、生产计划和物料需求计划等数字化管理内容，但未出现AI、机器学习或更高级数据建模相关要求，因此归为基础数字化/IT内容。,expert_prompt_v1_one_ad_per_request
457.0,0.0,,岗位主要是机械零部件设计、设备调试、维修管理和预防性维护，属于传统工艺/设备工程工作，没有出现软件、数据、自动化、AI等数字技术相关内容。,expert_prompt_v1_one_ad_per_request
459.0,0.0,无AI/数字化相关关键词；安保、登记、巡逻、消防点检、卫生清扫,岗位是保安/安保管理，职责主要是人员登记、车辆指挥、物资签收、消防检查和现场巡查，不涉及IT、数据、软件或AI技术。,expert_prompt_v1_one_ad_per_request
460.0,1.0,"视频编辑, 后期剪辑, 抖音/B站, 达芬奇调色, AE, PR, PS, edius, 小程序, H5",岗位主要是短视频拍摄与后期制作，涉及常见数字媒体软件和平台工具，属于基础数字技能，但没有人工智能、数据分析或高级数字化/AI要求。,expert_prompt_v1_one_ad_per_request
461.0,1.0,电气自动化、行车电器维修、安装、工业无线遥控产品,岗位主要是销售，但涉及电气自动化、工业无线遥控产品和电器维修安装，属于基础工业数字/自动化相关内容，没有AI或数据分析内容。,expert_prompt_v1_one_ad_per_request
462.0,1.0,Linux系统开发、内核开发、C/C++、数据结构和算法、USB/PCIE驱动、KVM虚拟化、网络设备,岗位以Linux系统、内核和驱动开发为主，属于典型的软件/系统与IT技术内容；虽提到算法、虚拟化和网络安全相关开发，但没有明确AI、机器学习或大模型内容，因此评为1。,expert_prompt_v1_one_ad_per_request
463.0,1.0,系统预估录入,岗位主要是人伤查勘、定损、调查和沟通调解，核心工作偏线下业务流程；仅提到案件损失的系统预估录入，属于基础系统使用，没有明显数据分析或AI内容。,expert_prompt_v1_one_ad_per_request
464.0,1.0,办公软件；仪器试验设备；实验设备；电子实验设备性能测试,岗位主要是实验室测试和设备维护，涉及基础办公软件和实验仪器操作，属于一般数字/IT工具使用，但没有数据分析、编程或AI相关内容。,expert_prompt_v1_one_ad_per_request
465.0,1.0,ERP数据录入，office办公软件，ERP相关工作经验,岗位涉及ERP系统的数据录入和办公软件操作，属于基础数字化/IT应用，但未涉及数据分析、算法或AI技术。,expert_prompt_v1_one_ad_per_request
466.0,1.0,NCCloud系统、OA办公系统、报表开发、系统集成、Oracle/SQLServer/MySQL、Python、Java、PHP、官网调试、网络/软硬件维护,岗位以企业信息系统运维、数据库操作、报表开发和基础开发语言为主，属于明确的IT/数字化工作，但没有AI、机器学习或高级数据分析内容，因此评为1。,expert_prompt_v1_one_ad_per_request
467.0,2.0,"数据分析, 质量数据, 原因分析, 整改措施, 跟踪验证",岗位主要是质量工程与客户沟通，但明确包含收集客户端质量数据并做数据分析、异常原因分析和整改验证，属于较强的数据分析类数字化内容。,expert_prompt_v1_one_ad_per_request
468.0,0.0,,岗位为企业法务/合同审查/劳动纠纷处理，内容集中在法律事务与管理流程，没有AI、数字化、IT、数据分析或软件系统相关要求。,expert_prompt_v1_one_ad_per_request
469.0,0.0,,岗位内容主要是投资并购、市场拓展、客户拜访、竞争分析和团队管理，没有出现软件、数据、系统、AI等数字技术相关要求。,expert_prompt_v1_one_ad_per_request
470.0,1.0,ERP系统,岗位主要是仓库管理与进销存组织，属于传统运营管理；仅明确提到熟悉ERP系统运作，体现基础数字化/IT系统使用，因此评为1。,expert_prompt_v1_one_ad_per_request
472.0,1.0,"数据统计, 数据分析, 计算机操作技能, 办公软件（Excel、PPT、Word）",岗位主要是零售金融产品管理与营销，包含一定的数据统计和办公软件使用要求，但没有明显的数据技术、编程、算法或AI内容，因此判为基础数字化/IT相关。,expert_prompt_v1_one_ad_per_request
473.0,1.0,信息收集、统计、维护、出单、续保、五险两金,岗位主要是车险销售和车商服务管理，涉及基础的信息收集、统计和业务系统出单等一般性数字化办公内容，没有AI、大数据、编程或高级数据分析相关要求。,expert_prompt_v1_one_ad_per_request
474.0,0.0,"4S店, 售后机电, 钣金主管, 车间主管",岗位职责是汽车4S店车间管理与售后维修相关，没有出现软件、数据、自动化、AI等数字技术内容。,expert_prompt_v1_one_ad_per_request
475.0,1.0,"基带系统原理设计, PCB布局, 硬件设计, EDA设计工具, Cadence, 调试, 电路设计",岗位主要是手机基带与硬件电路/PCB设计，涉及EDA工具和数字化工程软件，但没有数据分析、算法或AI相关内容，属于基础数字/IT技术范畴。,expert_prompt_v1_one_ad_per_request
477.0,1.0,"PRO-E, OFFICE办公软件, 标准化文件管理, BOM核对, 作业指导书编写",岗位主要是生产工艺、SOP和文件管理，包含常见工程软件PRO-E和办公软件使用，属于基础数字/IT工具应用，没有数据分析或AI相关内容。,expert_prompt_v1_one_ad_per_request
478.0,1.0,计算机办公软件（Word/Excel/PPT）、办公设备、招投标程序、标书制作/审核,岗位以销售支持和客户维护为主，未涉及数据分析或AI；仅包含基础办公软件和常规信息化办公技能，属于基础数字/IT内容。,expert_prompt_v1_one_ad_per_request
479.0,0.0,销售计划、产品资源优化、产品交付、工程项目交付,岗位主要涉及销售计划、资源协调和交付管理，没有体现软件、数据分析、自动化、AI或其他数字技术内容。,expert_prompt_v1_one_ad_per_request
480.0,1.0,"UG, CAD, Office, Excel, 数据统计分析, 系统基数数据的搜集和维护",岗位以模具设计和生产优化为主，包含制图软件、Excel和系统数据维护等基础数字工具使用，但没有数据建模、算法或AI相关内容。,expert_prompt_v1_one_ad_per_request
481.0,0.0,无明显AI/数字技术关键词；财富管理、风险管理、税务筹划、资产配置,职位内容聚焦私人财富规划、资产管理和风险评估，属于金融服务/理财咨询，不涉及软件、数据、算法或AI相关技术。,expert_prompt_v1_one_ad_per_request
482.0,1.0,"ERP二次开发, 数据库(oracle/mysql/mssql/db2), Java, C#.NET, Delphi XE, Python, win/linux, 系统部署, 集成项目",该岗位主要是企业软件/ERP开发与系统部署，包含数据库、编程语言和操作系统等典型IT技能，但没有人工智能、机器学习或高级数据分析等内容，因此评为1分。,expert_prompt_v1_one_ad_per_request
483.0,1.0,office办公软件；生物信息分析软件；数据分析软件；结果数据的分析,岗位以医学科研和项目撰写为主，但明确要求使用办公软件、生物信息分析软件和数据分析软件，涉及基础数字工具与数据处理，因此归为1级。,expert_prompt_v1_one_ad_per_request
484.0,1.0,Coreldraw、photoshop、AI等软件；平面设计、工业设计、视觉传达设计,职位主要是企划/设计助理，涉及常见设计软件和数字工具使用，但没有数据分析、编程或人工智能相关要求。这里的“AI”更像是Adobe Illustrator软件简称，而非人工智能，因此判为基础数字/IT内容。,expert_prompt_v1_one_ad_per_request
485.0,1.0,微信群、系统培训,岗位以社区运营、客户服务和销售为主，没有AI或数据分析内容；仅提到微信群沟通和系统培训，属于基础数字化/IT使用。,expert_prompt_v1_one_ad_per_request
486.0,0.0,电工证; 电工; 3年工作经验,岗位是电工，主要涉及电气安装/维护，不包含软件、数据、自动化系统、AI或其他数字技术内容。,expert_prompt_v1_one_ad_per_request
487.0,0.0,,岗位主要是银行分行的运营、营销和综合管理培养，描述中未出现软件、数据分析、编程、自动化或人工智能等数字技术内容，因此判定为0分。,expert_prompt_v1_one_ad_per_request
488.0,0.0,LED销售、电话、邮件、面访、客户开发、谈判、签约,岗位主要是LED产品销售与客户开发，描述中未涉及软件、数据、自动化、AI或其他数字技术内容，属于传统销售岗位。,expert_prompt_v1_one_ad_per_request
489.0,0.0,"售前技术支持, 技术方案, 安装, 调试, 用户培训, 售后支持",岗位主要是催化剂产品的售前售后技术支持、现场安装调试和沟通协调，属于传统工程技术服务，不涉及明确的数字化、数据分析或AI技术内容。,expert_prompt_v1_one_ad_per_request
490.0,0.0,成本分析；财务管理；税务申报；三大报表,岗位是成本会计，核心工作为财务核算、成本控制、报表审核和税务申报，没有AI、数据分析工具、编程或数字化系统相关要求，属于非AI/数字岗位。,expert_prompt_v1_one_ad_per_request
491.0,0.0,,招聘保险代理人，内容主要是保险业务、客户资源和线索推荐，没有出现AI、数字化、软件、数据分析或IT相关要求。,expert_prompt_v1_one_ad_per_request
492.0,1.0,系统处理、单据报表制作、盘点、货位管理、目视化管理,岗位以仓储现场操作和管理为主，出现了系统处理和报表制作等基础数字化工作，但没有数据分析、编程或AI相关内容，属于基础IT/数字化应用。,expert_prompt_v1_one_ad_per_request
493.0,0.0,电话、短信、微信、客户资源、续保,岗位主要是车险销售/客服与客户回访，使用电话、短信、微信等常规沟通工具，但没有软件开发、数据分析、自动化或AI相关内容，因此记为0。,expert_prompt_v1_one_ad_per_request
494.0,0.0,设备巡检、设备维保、强电、暖通给排水、电梯管理、固定资产管理,岗位主要是工程运维和设备管理，涉及传统机电维护与安全管理，没有AI、数据分析、软件系统或数字化技术要求。,expert_prompt_v1_one_ad_per_request
495.0,0.0,"技术支持, 方案, 用户需求分析, 产品改进",岗位主要是市场与产品技术支持、客户沟通和需求收集，没有出现软件、数据、自动化、AI或数字化技术相关内容，属于非AI/数字岗位。,expert_prompt_v1_one_ad_per_request
497.0,0.0,无明显AI/数字技术关键词；金融理财、保险、培训、团队管理,岗位内容主要是保险金融销售、管理和培训，没有软件、数据、自动化、算法或人工智能相关要求，因此判为0。,expert_prompt_v1_one_ad_per_request
498.0,0.0,设备管理、设备检修、技术指导、安全管理、工艺改造、电气,岗位主要是车间设备管理和安全检修，属于传统制造/设备运维工作，没有明显的软件、数据、自动化系统或AI相关内容。,expert_prompt_v1_one_ad_per_request
499.0,1.0,"C语言, CanOpen协议, EtherCAT, Profinet, Profibus, DeviceNet, PowerLink, Linux编程, 控制软件, 现场总线, 伺服驱动器调试",岗位主要是工业控制与嵌入式/系统软件开发，涉及通信协议、Linux和控制软件开发，属于基础数字/IT技术内容；未出现人工智能、机器学习或数据分析等更强AI/数字化要求。,expert_prompt_v1_one_ad_per_request
500.0,0.0,制度建设、流程建设、人力资源规划、绩效考核、薪酬管理、员工关系、组织结构设计、后勤管理,岗位内容主要是综合管理、人力资源和后勤事务，没有出现软件、数据分析、信息系统、数字化或AI相关技术内容。,expert_prompt_v1_one_ad_per_request
501.0,0.0,房产销售、商圈管理、客户需求、商务谈判、团队管理,职位内容主要是房地产销售、团队管理和商务谈判，没有明显的软件、数据、自动化或人工智能相关要求。,expert_prompt_v1_one_ad_per_request
502.0,0.0,技术支持；电力电子；OEM/ODM；认证测试；安装；产品手册,职位主要是电气/电力电子产品的技术支持、认证测试、安装和文档工作，未涉及软件开发、数据分析、自动化系统或AI相关技术，因此判为0。,expert_prompt_v1_one_ad_per_request
503.0,1.0,办公软件,岗位主要是钣金跟单与进度跟进，属于传统业务岗位；仅提到熟练使用办公软件，属于基础数字化/IT工具应用，没有数据分析、编程或AI相关内容。,expert_prompt_v1_one_ad_per_request
504.0,0.0,,岗位内容主要是人伤查勘、理赔指导、案件跟踪和沟通协调，未涉及软件、数据分析、自动化或人工智能等数字技术内容。,expert_prompt_v1_one_ad_per_request
505.0,0.0,无明显AI/数字技术关键词；金融营销、市场拓展、柜台轮岗、财富管理、资产配置,岗位主要是银行/金融营销与客户服务、产品营销和业务拓展，没有涉及软件、数据分析、系统、自动化或人工智能等数字技术内容。,expert_prompt_v1_one_ad_per_request
506.0,1.0,"CAD, Solidworks, 3D/2D机械绘图, 设备研发, 设备升级",岗位主要是机械工程与非标设备设计，包含CAD、SolidWorks等数字化设计软件使用，但没有数据分析、算法或AI相关内容，属于基础数字/IT工具应用。,expert_prompt_v1_one_ad_per_request
507.0,1.0,"Excel, Word, office办公软件, 电子化财务处理",岗位以出纳和财务结算为主，没有AI或数据分析要求；仅提到熟练使用Excel、Word等办公软件，属于基础数字化办公技能。,expert_prompt_v1_one_ad_per_request
508.0,1.0,EXCEL、用友、金蝶、会计电算化软件、凭证录入、办公软件,岗位主要是会计实习，核心工作为账款、凭证和银行会计处理；提到EXCEL及用友/金蝶等会计电算化软件，属于基础数字化/IT工具使用，但没有数据分析、编程或AI相关内容。,expert_prompt_v1_one_ad_per_request
509.0,1.0,公司平台、微信添加客户、在线流转、线上客服、线上运营,岗位主要是客户维护和销售转接，包含一定的线上平台和微信运营工作，但没有数据分析、编程或AI相关内容，属于基础数字化应用。,expert_prompt_v1_one_ad_per_request
510.0,0.0,"电焊机, 手把焊, 焊接, 常压罐, 焊工",岗位是传统电焊工，描述的是焊接操作与设备制造，不涉及软件、数据、自动化或人工智能等数字技术内容。,expert_prompt_v1_one_ad_per_request
511.0,1.0,"软件工程师, 软件设计, 开发, 优化, 需求分析, 代码实现, C/C++, Python, 嵌入式系统, 软硬件联调",岗位明确要求软件开发、编程语言和嵌入式系统开发，属于典型的基础数字/IT类工作；未涉及数据分析、算法建模或AI相关技术。,expert_prompt_v1_one_ad_per_request
512.0,1.0,"自动化, 机械电子工程, 机械工程及自动化, 测控技术与仪器",岗位要求涉及自动化、测控和机电相关专业，属于基础工业数字化/自动化技术范畴，但没有出现数据分析、算法或人工智能相关内容。,expert_prompt_v1_one_ad_per_request
513.0,1.0,系统录入、办公软件、库存分析,岗位包含系统单据录入、办公软件使用等基础数字化办公内容，但未涉及数据分析、编程或AI技术，属于1级。,expert_prompt_v1_one_ad_per_request
514.0,1.0,财务软件，金蝶，用友，SAP，浪潮,岗位以财务管理为主，没有AI或数据分析内容，但明确要求熟悉财务软件和ERP类系统（如金蝶、用友、SAP），属于基础数字/IT应用。,expert_prompt_v1_one_ad_per_request
515.0,0.0,,岗位内容主要是酒店室内/方案设计、施工图、项目汇报和设计管理，没有出现软件、数据、系统、AI等数字技术相关要求。,expert_prompt_v1_one_ad_per_request
516.0,0.0,档案资料管理；会议纪要；技术职称申请,岗位主要是档案和文书管理、会议纪要撰写及职称申请，没有出现软件、数据、IT系统或AI相关内容，属于非数字化岗位。,expert_prompt_v1_one_ad_per_request
517.0,0.0,"报表填写, 沟通能力, 生产/焊接工艺",岗位主要是氩弧焊技术与生产作业，未体现软件、数据、自动化、AI等数字技术内容；仅有报表填写属于一般办公要求，不构成数字化技术岗位。,expert_prompt_v1_one_ad_per_request
519.0,0.0,绩效考核、薪资核算、人工成本预算、财务付款流程,岗位内容主要是薪酬绩效、人事手续和成本核算，属于传统人力资源/财务流程管理，没有出现软件、数据分析、编程或AI相关技术内容。,expert_prompt_v1_one_ad_per_request
520.0,1.0,word、excel、办公软件、合同管理、回款管理,岗位主要是行政助理，但明确要求熟练使用Word、Excel等办公软件，属于基础数字化/IT工具使用；未涉及数据分析、编程或AI技术。,expert_prompt_v1_one_ad_per_request
521.0,0.0,"暖通工程, 冷水机组, 锅炉, 中央空调, 设备验收, 运营项目",岗位主要是暖通工程与设备管理、验收和培训，属于传统工程技术工作，没有明显的软件、数据、自动化或AI相关内容。,expert_prompt_v1_one_ad_per_request
522.0,1.0,性能评价试验、数据分析、标准化操作、检验常规设备,岗位以医学检验和实验操作为主，没有AI/大数据等明确内容；但提到对性能评价数据进行一定分析，属于基础数字/数据处理相关内容，故记为1。,expert_prompt_v1_one_ad_per_request
523.0,1.0,Office办公软件、PPT、办公软件、项目管理,岗位以培训组织与管理为主，包含熟练使用Office和制作PPT等基础数字办公技能，但没有数据分析、编程或AI相关要求，因此归为1分。,expert_prompt_v1_one_ad_per_request
524.0,0.0,,岗位为人事专员，内容集中在招聘、社保、培训、绩效和行政管理，没有出现软件、数据、自动化、AI或其他数字技术相关要求。,expert_prompt_v1_one_ad_per_request
525.0,1.0,"办公软件, 数据分析工具, 客户数据统计与分析",职位主要是客户管理和销售支持，数字化内容仅体现为熟练使用办公软件和基础数据分析工具，对客户数据进行统计分析，属于基础数字/IT能力，没有更强的数据建模或AI要求。,expert_prompt_v1_one_ad_per_request
526.0,0.0,银行渠道；业务管理；客户服务；培训,岗位内容主要是银行渠道维护、客户服务和销售管理，没有出现软件、数据、数字化、AI等技术相关要求，属于非AI/数字岗位。,expert_prompt_v1_one_ad_per_request
527.0,0.0,管理、营销、团队管理、绩效追踪、团队经营,岗位主要是房地产团队管理与经营、营销和绩效管理，没有出现软件、数据、IT、算法或人工智能相关内容。,expert_prompt_v1_one_ad_per_request
528.0,0.0,配电设备维护保养、巡检、故障诊断、现场维修,岗位内容主要是电工/设备维护、巡检和故障排查，没有软件、数据、自动化系统或AI相关要求，属于非数字技术岗位。,expert_prompt_v1_one_ad_per_request
529.0,1.0,"RTL coding, Verilog HDL, SoC, IP集成, Lint/cdc, timing收敛, VCS/DC/PrimeTime/Verdi, ARM, AMBA, PCIe, DDR, USB, SATA, Ethernet",岗位涉及芯片/SoC数字设计、硬件描述语言和EDA工具，属于较强的IT/数字技术内容，但不属于AI、数据分析或算法类岗位，因此评为1分。,expert_prompt_v1_one_ad_per_request
530.0,1.0,新技术新方法、设备设施管理、系统/设备管理、强弱电、电梯、消防,岗位主要是物业机电与设备设施管理，涉及设备运行维护和引进新技术新方法，但未出现数据分析、软件开发或AI相关内容，属于基础数字/技术应用层面。,expert_prompt_v1_one_ad_per_request
531.0,0.0,,岗位为服装零售店长，描述的是销售、沟通、服务和门店管理经验，没有出现任何AI、数字化、软件系统或数据分析相关内容。,expert_prompt_v1_one_ad_per_request
532.0,1.0,办公软件,岗位要求熟练使用办公软件，属于基础数字化/IT工具使用，但没有数据分析、编程或AI相关内容。,expert_prompt_v1_one_ad_per_request
533.0,0.0,,职位为销售储备干部，描述仅涉及国际贸易、英语等专业背景，未体现软件、数据、互联网技术、AI或数字化相关工作内容。,expert_prompt_v1_one_ad_per_request
534.0,0.0,"配方研发, 产品分析, 化妆品法规, 技术支持",岗位主要是个人护理品配方研发与团队管理，没有出现AI、数据分析、软件系统、算法或数字化相关要求，因此判为0。,expert_prompt_v1_one_ad_per_request
535.0,0.0,"配方研发, 产品分析, 化妆品法规, 技术支持",岗位主要是个人护理品配方研发与管理、客户技术支持和培训，没有人工智能、数据分析、软件系统或数字化技术相关内容。,expert_prompt_v1_one_ad_per_request
536.0,1.0,"线上化建设, 风控体系, 新技术研究, 辅助驾驶",岗位涉及新能源车险的风控体系搭建和线上化建设，属于一定的数字化/IT应用内容；但未出现数据分析、编程、AI模型等明确技术要求，因此评为1。,expert_prompt_v1_one_ad_per_request
538.0,0.0,证券市场研究、行情监控、市值变动分析、宏观经济政策、资本运作、再融资,职位主要是证券业务、市场研究和资本运作管理，没有出现软件、数据分析工具、编程、AI或数字化技术相关要求，因此判为0。,expert_prompt_v1_one_ad_per_request
539.0,1.0,"电脑操作, Office办公软件, 日常统计工作",岗位主要是商务/行政支持与统计汇报，包含基础电脑和Office办公软件使用，但没有数据分析、编程或AI相关要求，因此判为1分。,expert_prompt_v1_one_ad_per_request
540.0,0.0,,岗位内容主要是保险客户服务、产品组合、资产配置、培训和销售管理，没有出现软件、数据、自动化、AI或其他数字技术相关要求。,expert_prompt_v1_one_ad_per_request
541.0,1.0,企业微信、办公电话、电脑、服务热线、官方服务热线,岗位主要是客户沟通与客服支持，包含企业微信、办公电脑和服务热线等基本数字化工具使用，但没有数据分析、算法或人工智能相关内容，故判为1分。,expert_prompt_v1_one_ad_per_request
542.0,0.0,"质量管理, 质检, 统计表, 台账, ISO9001, ISO140001",岗位主要是质量管理、检验和体系维护，属于传统制造业质量岗位，没有明显的软件、数据分析、自动化或AI相关要求。,expert_prompt_v1_one_ad_per_request
543.0,1.0,"Java, J2EE, SSM, Spring Cloud, Nacos, MySQL, MongoDB, Nginx, Redis, Elasticsearch, 软件开发, 单元测试, 集成测试, 开发文档",岗位主要是后端软件开发与系统集成，涉及常见编程框架、数据库和中间件，属于基础数字/IT技术内容；未出现数据分析、算法建模或AI相关表述。,expert_prompt_v1_one_ad_per_request
544.0,0.0,"英语口语, 维护客户, 销售助理",职位主要是市场销售和客户维护，没有提到任何AI、数据分析、软件系统、编程或数字化相关内容，属于非数字化岗位。,expert_prompt_v1_one_ad_per_request
545.0,0.0,,岗位职责是客户维护和销售助理，要求英语口语和沟通能力；未涉及软件、数据、IT系统或任何AI/数字技术内容。,expert_prompt_v1_one_ad_per_request
546.0,1.0,工单调度、精细化管理、office办公软件,岗位以物业保洁运营管理为主，没有AI或数据分析要求；仅提到工单调度和熟练使用Office，属于基础数字化/办公软件应用。,expert_prompt_v1_one_ad_per_request
547.0,0.0,市场计划；市场战略规划；市场开拓；销售策略,岗位主要是市场管理、业务拓展和团队管理，没有出现软件、数据、自动化、AI等数字技术相关要求，属于非AI/非数字技术岗位。,expert_prompt_v1_one_ad_per_request
548.0,1.0,计算机、Office操作,岗位主要是房屋维修与交付质检管理，核心不涉及数据分析或AI；仅要求掌握计算机和Office等基础办公软件，因此归为基础数字化/IT内容。,expert_prompt_v1_one_ad_per_request
549.0,1.0,信息系统、需求分析、编码、测试、Android、HTML5、CSS3、Oracle、SQL Server、数据库优化、JAVA,岗位主要是移动端IT开发与系统维护，涉及软件开发、数据库和系统优化，但没有AI/机器学习相关表述，因此判为1级。,expert_prompt_v1_one_ad_per_request
551.0,1.0,"数控, BP8北平数控段差机, 磨床, 二次元检测仪, 镭射测量仪",岗位主要是机械加工与设备操作，涉及数控机床和测量仪器等基础数字化/自动化设备，但没有数据分析、算法或人工智能内容，因此判为1级。,expert_prompt_v1_one_ad_per_request
553.0,0.0,"押出机台, 机台参数, 机台保养, 管理能力",岗位主要是电线押出生产与设备操作、保养和现场管理，没有出现软件、数据、自动化系统或AI相关内容，属于非数字技术岗位。,expert_prompt_v1_one_ad_per_request
554.0,0.0,无明显AI/数字技术关键词；金融产品、资产配置、客户管理、投资顾问、财富保障,岗位主要是私人银行客户经理，核心职责集中在客户经营、资产配置和金融服务，不涉及软件、数据、编程、算法或人工智能等数字技术内容。,expert_prompt_v1_one_ad_per_request
557.0,1.0,ERP软件、PLM、系统实施、上线和维护、数据的应用及管理、office办公软件、标准化文件在系统中实施,职位以成本管理和财务预算为主，包含ERP/PLM系统实施、数据管理和办公软件使用等基础数字化内容，但没有AI、机器学习或高级数据分析要求，因此评为1。,expert_prompt_v1_one_ad_per_request
558.0,0.0,无AI/数字技术相关关键词；商务司机、车辆保养、年检、行政事务,岗位内容是驾驶、车辆维护和行政接待，不涉及软件、数据、自动化或人工智能等数字技术。,expert_prompt_v1_one_ad_per_request
559.0,1.0,熟练使用相关办公软件,岗位以行政后勤、采购、物业和食堂管理为主，属于非技术岗位；仅提到熟练使用办公软件，属于基础数字化/IT工具使用，因此评为1分。,expert_prompt_v1_one_ad_per_request
560.0,1.0,熟练操作计算机办公软件,岗位主要是人力资源和行政文秘实习，只有基本办公软件操作要求，属于基础数字技能，不涉及数据分析、编程或AI技术。,expert_prompt_v1_one_ad_per_request
561.0,1.0,数据分析；实验方案设计；DOE；cGMP；QbD；ICH指导原则,岗位以生物工艺开发、纯化实验和质量体系为主，没有AI或明显的数据/编程岗位要求；仅涉及实验数据分析和DOE等基础数字化/统计方法，因此记为1。,expert_prompt_v1_one_ad_per_request
562.0,0.0,无明显AI/数字化关键词；保险业务拓展、客户维护、出单、批改,岗位内容主要是保险销售、客户关系维护和基础业务操作，没有涉及软件、数据分析、自动化、AI或数字化技术。,expert_prompt_v1_one_ad_per_request
563.0,0.0,"产品管理, 生产计划管理, 渠道销售, 大客户维护",岗位内容主要是餐饮渠道的产品管理、生产计划和客户维护，没有出现软件、数据、自动化、AI等数字技术相关要求。,expert_prompt_v1_one_ad_per_request
564.0,0.0,营销支持、车险、财产险、农险、意健险,岗位内容主要是保险营销与业务支持，没有出现软件、数据、自动化、AI或其他数字技术相关要求，属于非AI/数字化岗位。,expert_prompt_v1_one_ad_per_request
565.0,1.0,系统跟踪、流程改进、采购决策文件、供应商绩效考核、合同管理,岗位以采购管理、供应商管理和流程执行为主，包含少量系统跟踪和流程改进等基础数字化/信息系统使用，但没有数据分析、编程或AI相关内容。,expert_prompt_v1_one_ad_per_request
566.0,0.0,"保洁, 办公区保洁, 轴承制造企业",岗位是保洁工作，描述中没有软件、数据、系统、自动化或人工智能等数字技术内容，仅涉及办公区清洁。,expert_prompt_v1_one_ad_per_request
567.0,1.0,人才储备数据库、招聘体系、人员甄选工具、信息化管理,岗位以人力资源、招聘和培训管理为主，没有AI或数据分析相关要求；仅出现数据库、甄选工具等一般数字化管理表述，属于基础IT/数字化内容。,expert_prompt_v1_one_ad_per_request
568.0,0.0,,岗位为人事专员，职责集中在招聘、培训、绩效、劳动合同和档案管理，未涉及软件、数据分析、自动化或人工智能等数字技术内容。,expert_prompt_v1_one_ad_per_request
569.0,0.0,"产品研究, 市场需求分析, 竞品分析, 电商运营模式",岗位主要是产品策划和市场推广，涉及电商运营这一一般数字化业务场景，但没有软件、数据分析、算法或AI相关要求，因此判为0。,expert_prompt_v1_one_ad_per_request
570.0,0.0,"机电设备, 维修保养, 巡视检查, 外判维护, 消防, 技防",岗位主要是物业工程与设备运维管理，涉及机电设备、维修保养和基础安防消防管理，没有数据、软件、自动化系统或AI相关内容。,expert_prompt_v1_one_ad_per_request
571.0,1.0,嵌入式开发、单片机、数字电路、模拟电路、PCB设计软件、CAN、RS485、车载电子、工业控制,岗位主要是电子硬件与嵌入式/通信电路开发，属于基础数字/IT相关技术内容；未出现数据分析、算法或AI/机器学习等更高阶数字智能内容。,expert_prompt_v1_one_ad_per_request
572.0,3.0,算法工程师; 计算机视觉; Machine Learning; Pattern Recognition; CNN; 深度学习; Caffe; 图像处理; OpenCV; CUDA,岗位明确要求研究和开发计算机视觉核心算法，并直接提到机器学习、CNN、深度学习等典型AI技术，属于明确的AI岗位。,expert_prompt_v1_one_ad_per_request
573.0,1.0,"会计电算化, 财务报表, 财务分析, 财务管理, 成本核算",岗位以财务、会计、成本管理为主，没有AI或数据分析/编程类要求；仅提到会计电算化和财务系统化处理，属于基础数字化/IT相关内容。,expert_prompt_v1_one_ad_per_request
574.0,1.0,"档案管理, 数据管理, 台账, 报表, 网上资料",岗位包含日常数据和档案信息化管理、台账统计、报表汇总及网上资料办理，属于基础数字化/IT应用，但未涉及数据分析、编程或AI技术。,expert_prompt_v1_one_ad_per_request
575.0,0.0,成本核算，成本费用报表，成本分析，产品标准成本，盘点,职位主要是制造业成本核算、报表和成本控制，属于财务/运营管理工作，没有明显的软件、数据分析工具或AI技术要求。,expert_prompt_v1_one_ad_per_request
576.0,1.0,熟练操作办公软件,岗位以行政接待和前台服务为主，不涉及AI或数据分析；仅提到熟练操作办公软件，属于基础数字/IT技能，因此记为1。,expert_prompt_v1_one_ad_per_request
577.0,2.0,统计、分析招聘数据,岗位以人事招聘为主，不涉及AI，但明确包含招聘数据的统计与分析，属于较强的数据处理和数字化工作内容，因此评为2分。,expert_prompt_v1_one_ad_per_request
578.0,0.0,"SEM, XRD, ICP, 研发, 检测",岗位主要是材料研发与实验检测，SEM/XRD/ICP属于材料表征与分析设备，不涉及数字化、数据分析、IT或人工智能内容，因此判为0。,expert_prompt_v1_one_ad_per_request
579.0,0.0,无明显AI/数字化技术关键词；金融销售、理财、客户经营、售前售后服务,岗位内容主要是金融产品销售与客户服务，不涉及软件、数据、系统、AI或其他数字技术要求。,expert_prompt_v1_one_ad_per_request
580.0,1.0,Word、Excel、PPT、办公软件、招聘数据统计,岗位主要是行政人事工作，涉及基础办公软件和简单数据统计，没有AI或较强数字技术内容，属于基础数字化办公要求。,expert_prompt_v1_one_ad_per_request
581.0,0.0,"系统设计, 概要设计, 详细设计, 产品开发, 新技术研究, 单元测试",岗位主要是材料/产品研发工程师，内容集中在产品设计、开发、测试和技术攻关，没有出现软件、数据、信息系统或人工智能等明确数字化/AI技术要求，属于非AI/数字岗位。,expert_prompt_v1_one_ad_per_request
582.0,1.0,CAD制图、环保技术员、实验,岗位不涉及AI，但明确要求会CAD制图，属于基础数字/工程软件技能，因此归为1分。,expert_prompt_v1_one_ad_per_request
583.0,0.0,电话、短信、微信、办公室联系客户,岗位主要是车险销售与客户回访，使用电话、短信、微信等常规沟通工具，但没有体现软件开发、数据分析、自动化或AI相关内容。,expert_prompt_v1_one_ad_per_request
584.0,0.0,"游戏美术, 原画, 美术风格, 场景设计",岗位内容是游戏原画与美术设计，属于艺术创作工作，没有涉及AI、数字化系统、数据分析或编程等技术内容。,expert_prompt_v1_one_ad_per_request
585.0,1.0,"office办公软件, ERP系统, 建档, 价格审核, 成本核算",岗位涉及ERP系统使用、办公软件和成本/价格核算，属于基础数字化/IT应用，但没有数据分析、编程或AI相关内容。,expert_prompt_v1_one_ad_per_request
586.0,1.0,程序编写、Windows、Linux、C、C++、VC、技术支持、售后技术服务,岗位包含编程经验、Windows/Linux系统和C/C++/VC等IT技术要求，属于基础数字/IT类工作，但未涉及数据分析或人工智能相关内容。,expert_prompt_v1_one_ad_per_request
587.0,0.0,无明显AI/digital技术关键词；市场开发、客户维护、合同签订、招投标、财务知识,岗位内容以商务经营、客户维护、合同和招投标为主，没有软件、数据、系统、自动化或人工智能相关要求，属于非AI/数字技术岗位。,expert_prompt_v1_one_ad_per_request
588.0,0.0,"检测设备, 质量管理体系, 产品检验, 图纸, 标准规范",职位主要是机械产品进货检验、质量控制和标准规范执行，没有明显的软件、数据、自动化或AI相关内容。,expert_prompt_v1_one_ad_per_request
589.0,2.0,"数据分析, 建模, 海量数据, 统计分析模型, SQL, Python, R, SAS, 技术团队, 数据分析能力",岗位以数据分析、建模和统计分析为核心，并明确要求SQL和Python/R/SAS等分析工具，属于较强的数据/数字化能力，但未涉及人工智能、机器学习等显式AI内容。,expert_prompt_v1_one_ad_per_request
590.0,1.0,线上学习平台运营及管理、海报制作、视频、工具进行宣传推广,岗位包含线上学习平台运营管理和使用工具进行宣传推广、海报制作、视频等基础数字化内容，但没有数据分析、算法或AI相关要求。,expert_prompt_v1_one_ad_per_request
591.0,1.0,线上查勘、线上提供解答客户理赔咨询服务、在线与客户协商,岗位主要是保险理赔与远程服务流程，包含线上/在线办理等基础数字化工作方式，但没有数据分析、编程或AI相关内容，因此评为1。,expert_prompt_v1_one_ad_per_request
592.0,1.0,行业可视化平台、产品迭代计划、产品标准化体系、项目管理、业务流程,岗位主要是销售/产品/项目管理，涉及行业可视化平台等数字化平台建设，但没有数据分析、编程或人工智能相关内容，属于基础数字化/IT范畴。,expert_prompt_v1_one_ad_per_request
593.0,1.0,"InPlan, genesis, CAD, software, server board, HDI board",岗位主要是PCB/制造工程相关，提到使用InPlan、Genesis、CAD等工业/设计软件，属于基础数字化工具应用；未涉及数据分析、算法或人工智能。,expert_prompt_v1_one_ad_per_request
594.0,1.0,"PCB layout, EMC, 安规, 硬件工程师, 结构工程师",岗位主要是PCB版图设计与电磁兼容、安规相关工作，属于电子/IT相关的基础数字技术应用，但没有数据、算法或AI内容。,expert_prompt_v1_one_ad_per_request
595.0,1.0,office办公软件、统计报表、客户资料档案、内部订单下达、合同会签流程,岗位主要是销售/商务助理和文书支持，涉及办公软件、报表统计和客户资料管理，属于基础数字化办公应用，没有数据分析、编程或AI相关内容。,expert_prompt_v1_one_ad_per_request
596.0,0.0,,岗位内容主要是车险销售、续保、理赔和售后服务，没有软件、数据、系统、自动化或AI相关要求。,expert_prompt_v1_one_ad_per_request
597.0,0.0,,岗位内容主要是保险代理、客户服务、续保收费、理赔保全和销售管理，没有明显的AI、数字化、IT或数据分析相关要求。,expert_prompt_v1_one_ad_per_request
598.0,1.0,公司网站、信息披露、投资者关系管理、内容组织与更新,岗位主要是证券事务、法务和信息披露管理，没有AI或数据分析内容；仅涉及公司网站内容更新等基础数字化/IT相关工作，属于1分。,expert_prompt_v1_one_ad_per_request
599.0,1.0,电子书、销售数据统计、Office办公软件、数字出版、网络发行,岗位涉及电子书授权、销售数据统计和Office办公软件，属于基础数字/IT应用场景，但没有数据分析、编程或AI相关要求。,expert_prompt_v1_one_ad_per_request
600.0,0.0,销售经理、客户走访、市场销售、商务洽谈、合同签订、交付验收、货款回收,岗位内容为传统销售与客户维护工作，没有出现软件、数据、系统、自动化或人工智能等数字技术相关要求。,expert_prompt_v1_one_ad_per_request
601.0,0.0,,岗位内容主要是柜台现金、存取款、转账、单证和轧账等传统银行柜员业务，没有出现软件、系统、数据分析或AI相关要求。,expert_prompt_v1_one_ad_per_request
602.0,1.0,"Altium Designer, Multisim, CAD, Matlab, 硬件开发, 原理图, PCB设计, 单片机, 工业控制, 电机驱动",岗位以电子硬件研发、PCB/原理图设计和测试调试为主，包含常见工程软件和自动化/控制相关内容，但没有数据分析或AI/机器学习等更强数字化或AI要求，因此归为基础数字/IT相关。,expert_prompt_v1_one_ad_per_request
603.0,0.0,"销售, 营销, 市场规划, OEM, 客户开发",岗位内容主要是OEM销售、市场开发和客户维护，没有出现软件、数据、IT系统或AI相关技术要求。,expert_prompt_v1_one_ad_per_request
604.0,2.0,薪酬线上化、自动化、可视化管理；数据分析；Excel；python；统计分析,岗位本身是薪酬管理，但明确要求用Excel和Python做数据处理，并提到薪酬线上化、自动化、可视化和分析报告，属于较强的数据/数字化内容，不涉及明确AI技术。,expert_prompt_v1_one_ad_per_request
605.0,0.0,公众号、微博、官网、VI系统,岗位主要是品牌企划、文案写作、宣传推广和活动策划，虽然提到公众号、微博、官网和VI系统，但没有IT、数据、自动化或AI相关内容，整体属于传统企划岗位。,expert_prompt_v1_one_ad_per_request
606.0,0.0,"产品企划, 用户需求研究, MRD规划, PLM进度, 市场策略, 传播口径, 培训方案",岗位主要是产品企划、市场策略和跨部门协调，涉及流程管理与产品落地，没有明确的AI、数据分析、软件系统或数字化技术要求，因此判为0。,expert_prompt_v1_one_ad_per_request
608.0,0.0,数据整理,岗位以生物制药研发、蛋白纯化和实验操作为主，没有AI、数字化、编程或数据分析等明显数字技术内容；仅提到数据整理，属于常规实验记录工作。,expert_prompt_v1_one_ad_per_request
609.0,1.0,下位机软件系统设计、代码实现、程序下载调试、模块测试、整机联调、单片机、嵌入式软件、C语言,岗位主要是嵌入式/单片机软件开发与调试，属于基础IT/软件技术内容；未出现数据分析、算法建模或人工智能相关要求。,expert_prompt_v1_one_ad_per_request
610.0,1.0,平台维护、信息上报、新闻发布、系统/平台管理,岗位以党工团、党建和活动组织为主，几乎不涉及AI或数据分析；但包含“平台维护”“信息上报”等基础数字化/信息系统使用内容，因此记为1分。,expert_prompt_v1_one_ad_per_request
611.0,1.0,测试设备、测试数据统计、整理、分析、频谱仪、矢网,岗位以硬件测试为主，涉及测试设备使用和测试数据的统计分析，属于基础数字/IT相关技能，但没有AI、数据分析平台或编程建模等更强数字化内容。,expert_prompt_v1_one_ad_per_request
612.0,1.0,数据分析、技术档案、执行跟踪、体系建设、取样分析,岗位以化工工艺、质量分析和技术管理为主，提到数据分析但未涉及明确的数据工具、编程或AI技术，因此归为基础数字/信息化内容。,expert_prompt_v1_one_ad_per_request
